<?xml version="1.0"?>
<Content xmlns:xsi="http://www.w3.org/2001/XMLSchema-instance" xmlns:xsd="http://www.w3.org/2001/XMLSchema">
  <Object id="DVelop.DynamicWebCanvas">
    <Group>
      <Name>General</Name>
      <Type>Main</Type>
      <Childs>
        <Prop>
          <Id>Width</Id>
          <Name>Width</Name>
          <Type>Integer</Type>
          <Default>100</Default>
          <Metadata />
        </Prop>
        <Prop>
          <Id>Height</Id>
          <Name>Height</Name>
          <Type>Integer</Type>
          <Default>100</Default>
          <Metadata />
        </Prop>
        <Prop>
          <Id>BackgroundImage</Id>
          <Name>BackgroundImage</Name>
          <Type>Text</Type>
          <Metadata>
            <Value name="FlagScope">Runtime</Value>
          </Metadata>
        </Prop>
        <Prop>
          <Id>BackgroundScaleType</Id>
          <Name>BackgroundScaleType</Name>
          <Type>Combo</Type>
          <Default>Fit</Default>
          <Metadata />
          <Values>
            <Value id="NoScale" desc="NoScale" />
            <Value id="Tile" desc="Tile" />
            <Value id="Fill" desc="Fill" />
            <Value id="FillKeepingAspectRatio" desc="FillKeepingAspectRatio" />
            <Value id="Fit" desc="Fit" />
          </Values>
        </Prop>
        <Prop>
          <Id>TextDefaultFontName</Id>
          <Name>TextDefaultFontName</Name>
          <Type>Text</Type>
          <Default>Arial</Default>
          <Metadata />
        </Prop>
        <Prop>
          <Id>TextDefaultFontSize</Id>
          <Name>TextDefaultFontSize</Name>
          <Type>Integer</Type>
          <Default>12</Default>
          <Metadata />
        </Prop>
        <Prop>
          <Id>TextDefaultColor</Id>
          <Name>TextDefaultColor</Name>
          <Type>Text</Type>
          <Default>black</Default>
          <Metadata />
        </Prop>
        <Prop>
          <Id>TextDefaultHorizontalAlign</Id>
          <Name>TextDefaultHorizontalAlign</Name>
          <Type>Combo</Type>
          <Default>Left</Default>
          <Metadata />
          <Values>
            <Value id="Left" desc="Left" />
            <Value id="Center" desc="Center" />
            <Value id="Right" desc="Right" />
          </Values>
        </Prop>
        <Prop>
          <Id>TextDefaultVerticalAlign</Id>
          <Name>TextDefaultVerticalAlign</Name>
          <Type>Combo</Type>
          <Default>Bottom</Default>
          <Metadata />
          <Values>
            <Value id="Top" desc="Top" />
            <Value id="Center" desc="Center" />
            <Value id="Bottom" desc="Bottom" />
          </Values>
        </Prop>
        <Prop>
          <Id>CreatedImageBase64Data</Id>
          <Name>CreatedImageBase64Data</Name>
          <Type>Text</Type>
          <Default></Default>
          <Metadata>
            <Value name="FlagReadonly">True</Value>
            <Value name="FlagScope">Runtime</Value>
          </Metadata>
        </Prop>
        <Prop>
          <Id>ItemClickedId</Id>
          <Name>ItemClickedId</Name>
          <Type>Text</Type>
          <Default></Default>
          <Metadata>
            <Value name="FlagReadonly">True</Value>
            <Value name="FlagScope">Runtime</Value>
          </Metadata>
        </Prop>
      </Childs>
    </Group>
  </Object>
</Content>