<?xml version="1.0"?>
<Content xmlns:xsi="http://www.w3.org/2001/XMLSchema-instance" xmlns:xsd="http://www.w3.org/2001/XMLSchema">
	<Object id="DVelop.DVPaginationBar">
		<Group>
			<Name>General</Name>
			<Type>Main</Type>
			<Childs>
				<Prop>
					<Id>Class</Id>
					<Name>Class</Name>
					<Type>Text</Type>
					<Metadata />
				</Prop>
				<Prop>
					<Id>ShowFirst</Id>
					<Name>ShowFirst</Name>
					<Type>Boolean</Type>
					<Default>false</Default>
					<Metadata />
				</Prop>
				<Prop>
					<Id>ShowPrevious</Id>
					<Name>ShowPrevious</Name>
					<Type>Boolean</Type>
					<Default>true</Default>
					<Metadata />
				</Prop>
				<Prop>
					<Id>ShowNext</Id>
					<Name>ShowNext</Name>
					<Type>Boolean</Type>
					<Default>true</Default>
					<Metadata />
				</Prop>
				<Prop>
					<Id>ShowLast</Id>
					<Name>ShowLast</Name>
					<Type>Boolean</Type>
					<Default>false</Default>
					<Metadata />
				</Prop>
				<Prop>
					<Id>PagesToShow</Id>
					<Name>PagesToShow</Name>
					<Type>Integer</Type>
					<Default>5</Default>
					<Metadata />
				</Prop>
				<Prop>
					<Id>PagingButtonsPosition</Id>
					<Name>PagingButtonsPosition</Name>
					<Type>Combo</Type>
					<Default>Right</Default>
					<Metadata />
					<Values>
						<Value id="Left" desc="Left" />
						<Value id="Center" desc="Center" />
						<Value id="Right" desc="Right" />
					</Values>
				</Prop>
				<Prop>
					<Id>PagingCaptionPosition</Id>
					<Name>PagingCaptionPosition</Name>
					<Type>Combo</Type>
					<Default>Left</Default>
					<Metadata />
					<Values>
						<Value id="Left" desc="Left" />
						<Value id="Center" desc="Center" />
						<Value id="Right" desc="Right" />
					</Values>
				</Prop>
				<Prop>
					<Id>EmptyGridClass</Id>
					<Name>EmptyGridClass</Name>
					<Type>Text</Type>
					<Metadata />
				</Prop>
				<Prop>
					<Id>SelectedPage</Id>
					<Name>SelectedPage</Name>
					<Type>Text</Type>
					<Metadata>
						<Value name="FlagReadonly">True</Value>
						<Value name="FlagScope">Runtime</Value>
					</Metadata>
				</Prop>
        <Prop>
          <Id>RowsPerPageSelector</Id>
          <Name>RowsPerPageSelector</Name>
          <Type>Boolean</Type>
          <Default>false</Default>
          <Metadata />
        </Prop>
        <Group>
          <Name>Rows per page</Name>
          <Childs>
            <Prop>
              <Id>RowsPerPageSelectedValue</Id>
              <Name>RowsPerPageSelectedValue</Name>
              <Type>Integer</Type>
              <Default>10</Default>
              <Metadata />
            </Prop>
            <Prop>
              <Id>RowsPerPageOptions</Id>
              <Name>RowsPerPageOptions</Name>
              <Type>Text</Type>
              <Default>5:5 rows,10:10 rows,20:20 rows,50:50 rows,0:All rows</Default>
              <Metadata />
            </Prop>
          </Childs>
        </Group>
				<Group>
					<Name>Labels</Name>
					<Childs>
						<Prop>
							<Id>First</Id>
							<Name>First</Name>
							<Type>Text</Type>
							<Default>First</Default>
							<Metadata />
						</Prop>
						<Prop>
							<Id>Previous</Id>
							<Name>Previous</Name>
							<Type>Text</Type>
							<Default>Previous</Default>
							<Metadata />
						</Prop>
						<Prop>
							<Id>Next</Id>
							<Name>Next</Name>
							<Type>Text</Type>
							<Default>Next</Default>
							<Metadata />
						</Prop>
						<Prop>
							<Id>Last</Id>
							<Name>Last</Name>
							<Type>Text</Type>
							<Default>Last</Default>
							<Metadata />
						</Prop>
						<Prop>
							<Id>Caption</Id>
							<Name>Caption</Name>
							<Type>Text</Type>
							<Default>Page &lt;CURRENT_PAGE&gt; of &lt;TOTAL_PAGES&gt;</Default>
							<Metadata />
						</Prop>
						<Prop>
							<Id>EmptyGridCaption</Id>
							<Name>EmptyGridCaption</Name>
							<Type>Text</Type>
							<Default>No records found.</Default>
							<Metadata />
						</Prop>
            <Prop>
              <Id>RowsPerPageCaption</Id>
              <Name>RowsPerPageCaption</Name>
              <Type>Text</Type>
              <Default>Show:</Default>
              <Metadata />
            </Prop>
					</Childs>
				</Group>
				<Group>
					<Name>Data Binding</Name>
					<Childs>
						<Prop>
							<Id>CurrentPage</Id>
							<Name>CurrentPage</Name>
							<Type>Custom</Type>
							<CustomType>Artech.Genexus.Common.CustomTypes.ControlAttVarReference, Artech.Genexus.Common</CustomType>
							<Metadata>
								<Value name="FlagSetValueMethod">SetCurrentPage</Value>
								<Value name="FlagGetValueMethod">GetCurrentPage</Value>
								<Value name="FlagScope">DesignTime</Value>
								<Value name="FlagDataTypeFilter"></Value>
								<Value name="FlagHideVariables">False</Value>
								<Value name="FlagHideAttributes">True</Value>
							</Metadata>
						</Prop>
						<Prop>
							<Id>PageCount</Id>
							<Name>PageCount</Name>
							<Type>Custom</Type>
							<CustomType>Artech.Genexus.Common.CustomTypes.ControlAttVarReference, Artech.Genexus.Common</CustomType>
							<Metadata>
								<Value name="FlagSetValueMethod">SetPageCount</Value>
								<Value name="FlagGetValueMethod">GetPageCount</Value>
								<Value name="FlagScope">DesignTime</Value>
								<Value name="FlagDataTypeFilter"></Value>
								<Value name="FlagHideVariables">False</Value>
								<Value name="FlagHideAttributes">True</Value>
							</Metadata>
						</Prop>
						<Prop>
							<Id>RecordCount</Id>
							<Name>RecordCount</Name>
							<Type>Custom</Type>
							<CustomType>Artech.Genexus.Common.CustomTypes.ControlAttVarReference, Artech.Genexus.Common</CustomType>
							<Metadata>
								<Value name="FlagSetValueMethod">SetRecordCount</Value>
								<Value name="FlagGetValueMethod">GetRecordCount</Value>
								<Value name="FlagScope">DesignTime</Value>
								<Value name="FlagDataTypeFilter"></Value>
								<Value name="FlagHideVariables">False</Value>
								<Value name="FlagHideAttributes">True</Value>
							</Metadata>
						</Prop>
						<Prop>
							<Id>Page</Id>
							<Name>Page</Name>
							<Type>Custom</Type>
							<CustomType>Artech.Genexus.Common.CustomTypes.ControlAttVarReference, Artech.Genexus.Common</CustomType>
							<Metadata>
								<Value name="FlagSetValueMethod">SetPage</Value>
								<Value name="FlagGetValueMethod">GetPage</Value>
								<Value name="FlagScope">DesignTime</Value>
								<Value name="FlagDataTypeFilter"></Value>
								<Value name="FlagHideVariables">False</Value>
								<Value name="FlagHideAttributes">True</Value>
							</Metadata>
						</Prop>
						<Prop>
							<Id>AppliedFilters</Id>
							<Name>AppliedFilters</Name>
							<Type>Custom</Type>
							<CustomType>Artech.Genexus.Common.CustomTypes.ControlAttVarReference, Artech.Genexus.Common</CustomType>
							<Metadata>
								<Value name="FlagSetValueMethod">SetAppliedFilters</Value>
								<Value name="FlagGetValueMethod">GetAppliedFilters</Value>
								<Value name="FlagScope">DesignTime</Value>
								<Value name="FlagDataTypeFilter"></Value>
								<Value name="FlagHideVariables">False</Value>
								<Value name="FlagHideAttributes">True</Value>
							</Metadata>
						</Prop>
					</Childs>
				</Group>
			</Childs>
		</Group>
	</Object>
</Content>