<?xml version="1.0"?>
<Content xmlns:xsi="http://www.w3.org/2001/XMLSchema-instance" xmlns:xsd="http://www.w3.org/2001/XMLSchema">
  <Object id="DVelop.DVTabsTransform">
    <Group>
      <Name>General</Name>
      <Type>Main</Type>
      <Childs>
        <Prop>
          <Id>TabsInternalName</Id>
          <Name>TabsInternalName</Name>
          <Type>Text</Type>
          <Default></Default>
          <Metadata />
        </Prop>
        <Prop>
          <Id>AllowStepTitleClick</Id>
          <Name>AllowStepTitleClick</Name>
          <Type>Combo</Type>
          <Default>Yes</Default>
          <Metadata />
          <Values>
            <Value id="Yes" desc="Yes" />
            <Value id="No" desc="No" />
            <Value id="Only previous steps" desc="Only previous steps" />
          </Values>
        </Prop>
        <Prop>
          <Id>TransformType</Id>
          <Name>TransformType</Name>
          <Type>Combo</Type>
          <Default>WizardBullet</Default>
          <Metadata />
          <Values>
            <Value id="WizardBullet" desc="WizardBullet" />
            <Value id="WizardArrow" desc="WizardArrow" />
          </Values>
        </Prop>
        <Group>
          <Name>Wizard Arrow Images</Name>
          <Childs>
            <Prop>
              <Id>WizardArrowSelectedUnSelectedImage</Id>
              <Name>WizardArrowSelectedUnSelectedImage</Name>
              <Type>Text</Type>
              <Default></Default>
              <Metadata />
            </Prop>
            <Prop>
              <Id>WizardArrowUnSelectedSelectedImage</Id>
              <Name>WizardArrowUnSelectedSelectedImage</Name>
              <Type>Text</Type>
              <Default></Default>
              <Metadata />
            </Prop>
          </Childs>
        </Group>
      </Childs>
    </Group>
  </Object>
</Content>