<?xml version="1.0"?>
<Content xmlns:xsi="http://www.w3.org/2001/XMLSchema-instance" xmlns:xsd="http://www.w3.org/2001/XMLSchema">
  <Object id="DVelop.DVGroupBy">
    <Group>
      <Name>General</Name>
      <Type>Main</Type>
      <Childs>
        <Prop>
          <Id>GridInternalName</Id>
          <Name>GridInternalName</Name>
          <Type>Text</Type>
          <Default></Default>
          <Metadata>
            <Value name="FlagReadonly">True</Value>
            <Value name="FlagScope">Runtime</Value>
          </Metadata>
        </Prop>
        <Prop>
          <Id>ColumnIndex</Id>
          <Name>ColumnIndex</Name>
          <Type>Integer</Type>
          <Default></Default>
          <Metadata>
          </Metadata>
        </Prop>
        <Prop>
          <Id>TotalizerColumnIndexes</Id>
          <Name>TotalizerColumnIndexes</Name>
          <Type>Text</Type>
          <Default></Default>
          <Metadata>
          </Metadata>
        </Prop>
        <Prop>
          <Id>AllowCollapse</Id>
          <Name>AllowCollapse</Name>
          <Type>Boolean</Type>
          <Default>True</Default>
          <Metadata>
          </Metadata>
        </Prop>
      </Childs>
    </Group>
  </Object>
</Content>