<?xml version="1.0"?>
<Content xmlns:xsi="http://www.w3.org/2001/XMLSchema-instance" xmlns:xsd="http://www.w3.org/2001/XMLSchema">
  <Object id="DVelop.Bootstrap.ConfirmPanel">
    <Group>
      <Name>General</Name>
      <Type>Main</Type>
      <Childs>
        <Prop>
          <Id>Width</Id>
          <Name>Width</Name>
          <Type>Text</Type>
          <Default>100</Default>
          <Metadata />
        </Prop>
        <Prop>
          <Id>Height</Id>
          <Name>Height</Name>
          <Type>Text</Type>
          <Default>100</Default>
          <Metadata />
        </Prop>
        <Prop>
          <Id>Class</Id>
          <Name>Class</Name>
          <Type>Text</Type>
          <Default></Default>
          <Metadata />
        </Prop>
        <Prop>
          <Id>Title</Id>
          <Name>Title</Name>
          <Type>Text</Type>
          <Metadata />
        </Prop>
        <Prop>
          <Id>ConfirmationText</Id>
          <Name>ConfirmationText</Name>
          <Type>Text</Type>
          <Metadata />
        </Prop>
        <Prop>
          <Id>YesButtonCaption</Id>
          <Name>YesButtonCaption</Name>
          <Type>Text</Type>
          <Metadata />
        </Prop>
        <Prop>
          <Id>NoButtonCaption</Id>
          <Name>NoButtonCaption</Name>
          <Type>Text</Type>
          <Metadata />
        </Prop>
        <Prop>
          <Id>CancelButtonCaption</Id>
          <Name>CancelButtonCaption</Name>
          <Type>Text</Type>
          <Metadata />
        </Prop>
        <Prop>
          <Id>YesButtonPosition</Id>
          <Name>YesButtonPosition</Name>
          <Type>Combo</Type>
          <Default>right</Default>
          <Metadata />
          <Values>
            <Value id="right" desc="Right" />
            <Value id="left" desc="Left" />
          </Values>
        </Prop>
        <Prop>
          <Id>ConfirmType</Id>
          <Name>ConfirmType</Name>
          <Type>Combo</Type>
          <Default>1</Default>
          <Metadata>
            <Value name="FlagReadonly">False</Value>
          </Metadata>
          <Values>
            <Value id="" desc="NoButtons" />
            <Value id="0" desc="Yes" />
            <Value id="1" desc="YesNo" />
            <Value id="2" desc="YesNoCancel" />
          </Values>
        </Prop>
        <Prop>
          <Id>Comment</Id>
          <Name>Comment</Name>
          <Type>Combo</Type>
          <Default>No</Default>
          <Metadata>
          </Metadata>
          <Values>
            <Value id="No" desc="No" />
            <Value id="Optional" desc="Optional" />
            <Value id="Required" desc="Required" />
          </Values>
        </Prop>
        <Prop>
          <Id>BodyType</Id>
          <Name>BodyType</Name>
          <Type>Combo</Type>
          <Default>No</Default>
          <Metadata>
            <Value name="FlagScope">DesignTime</Value>
          </Metadata>
          <Values>
            <Value id="HtmlElement" desc="HtmlElement" />
            <Value id="WebComponent" desc="WebComponent" />
          </Values>
        </Prop>
        <Prop>
          <Id>BodyContentInternalName</Id>
          <Name>BodyContentInternalName</Name>
          <Type>Text</Type>
          <Metadata>
            <Value name="FlagReadonly">True</Value>
            <Value name="FlagScope">Runtime</Value>
          </Metadata>
        </Prop>
        <Prop>
          <Id>Result</Id>
          <Name>Result</Name>
          <Type>Text</Type>
          <Metadata>
            <Value name="FlagReadonly">True</Value>
						<Value name="FlagScope">Runtime</Value>
          </Metadata>
        </Prop>
        <Prop>
          <Id>TextType</Id>
          <Name>TextType</Name>
          <Type>Combo</Type>
          <Default>1</Default>
          <Metadata />
          <Values>
            <Value id="1" desc="Text" />
            <Value id="2" desc="Raw HTML" />
          </Values>
        </Prop>
      </Childs>
    </Group>
  </Object>
</Content>