<?xml version="1.0"?>
<Content xmlns:xsi="http://www.w3.org/2001/XMLSchema-instance" xmlns:xsd="http://www.w3.org/2001/XMLSchema">
  <Object id="WWP.GridEmpowerer">
    <Group>
      <Name>General</Name>
      <Type>Main</Type>
      <Childs>
        <Prop>
          <Id>GridInternalName</Id>
          <Name>GridInternalName</Name>
          <Type>Text</Type>
          <Default></Default>
          <Metadata>
            <Value name="FlagScope">Runtime</Value>
          </Metadata>
        </Prop>
        <Prop>
          <Id>HasCategories</Id>
          <Name>HasCategories</Name>
          <Type>Boolean</Type>
          <Default>False</Default>
          <Metadata>
            <Value name="FlagScope">DesignTime</Value>
          </Metadata>
        </Prop>
        <Prop>
          <Id>InfiniteScrolling</Id>
          <Name>InfiniteScrolling</Name>
          <Type>Combo</Type>
          <Default>False</Default>
          <Metadata>
            <Value name="FlagScope">DesignTime</Value>
          </Metadata>
          <Values>
            <Value id="False" desc="False" />
            <Value id="Form" desc="Form" />
            <Value id="Grid" desc="Grid" />
          </Values>
        </Prop>
        <Prop>
          <Id>HasTitleSettings</Id>
          <Name>HasTitleSettings</Name>
          <Type>Boolean</Type>
          <Default>False</Default>
          <Metadata>
            <Value name="FlagScope">DesignTime</Value>
          </Metadata>
        </Prop>
        <Prop>
          <Id>HasColumnsSelector</Id>
          <Name>HasColumnsSelector</Name>
          <Type>Boolean</Type>
          <Default>False</Default>
          <Metadata>
            <Value name="FlagScope">DesignTime</Value>
          </Metadata>
        </Prop>
        <Prop>
          <Id>HasRowGroups</Id>
          <Name>HasRowGroups</Name>
          <Type>Boolean</Type>
          <Default>False</Default>
          <Metadata>
            <Value name="FlagScope">DesignTime</Value>
          </Metadata>
        </Prop>
        <Prop>
          <Id>FixedColumns</Id>
          <Name>FixedColumns</Name>
          <Type>Text</Type>
          <Default></Default>
          <Metadata>
            <Value name="FlagScope">DesignTime</Value>
          </Metadata>
        </Prop>
        <Prop>
          <Id>PopoversInGrid</Id>
          <Name>PopoversInGrid</Name>
          <Type>Text</Type>
          <Default></Default>
          <Metadata>
            <Value name="FlagScope">DesignTime</Value>
          </Metadata>
        </Prop>
      </Childs>
    </Group>
  </Object>
</Content>