<?xml version="1.0"?>
<Content xmlns:xsi="http://www.w3.org/2001/XMLSchema-instance" xmlns:xsd="http://www.w3.org/2001/XMLSchema">
  <Object id="DVelop.Bootstrap.Panel">
    <Group>
      <Name>General</Name>
      <Type>Main</Type>
      <Childs>
        <Prop>
          <Id>Width</Id>
          <Name>Width</Name>
          <Type>Text</Type>
          <Default>100</Default>
          <Metadata />
        </Prop>
        <Prop>
          <Id>Height</Id>
          <Name>Height</Name>
          <Type>Text</Type>
          <Default>100</Default>
          <Metadata />
        </Prop>
        <Prop>
          <Id>AutoWidth</Id>
          <Name>AutoWidth</Name>
          <Type>Boolean</Type>
          <Default>False</Default>
          <Metadata />
        </Prop>
        <Prop>
          <Id>AutoHeight</Id>
          <Name>AutoHeight</Name>
          <Type>Boolean</Type>
          <Default>False</Default>
          <Metadata />
        </Prop>
        <Prop>
          <Id>Cls</Id>
          <Name>Cls</Name>
          <Type>Text</Type>
          <Metadata />
        </Prop>
        <Group>
          <Name>Header</Name>
          <Childs>
            <Prop>
              <Id>ShowHeader</Id>
              <Name>ShowHeader</Name>
              <Type>Boolean</Type>
              <Default>True</Default>
              <Metadata />
            </Prop>
            <Prop>
              <Id>Title</Id>
              <Name>Title</Name>
              <Type>Text</Type>
              <Metadata />
            </Prop>
            <Group>
              <Name>Collapse</Name>
              <Childs>
                <Prop>
                  <Id>Collapsible</Id>
                  <Name>Collapsible</Name>
                  <Type>Boolean</Type>
                  <Default>True</Default>
                  <Metadata />
                </Prop>
                <Prop>
                  <Id>Collapsed</Id>
                  <Name>Collapsed</Name>
                  <Type>Boolean</Type>
                  <Default>False</Default>
                  <Metadata />
                </Prop>
                <Prop>
                  <Id>ShowCollapseIcon</Id>
                  <Name>ShowCollapseIcon</Name>
                  <Type>Boolean</Type>
                  <Default>True</Default>
                  <Metadata />
                </Prop>
                <Prop>
                  <Id>IconPosition</Id>
                  <Name>IconPosition</Name>
                  <Type>Combo</Type>
                  <Default>left</Default>
                  <Metadata />
                  <Values>
                    <Value id="right" desc="Right" />
                    <Value id="left" desc="Left" />
                  </Values>
                </Prop>
              </Childs>
            </Group>
          </Childs>
        </Group>
        <Group>
          <Name>Scroll</Name>
          <Childs>
            <Prop>
              <Id>AutoScroll</Id>
              <Name>AutoScroll</Name>
              <Type>Boolean</Type>
              <Default>True</Default>
              <Metadata />
            </Prop>
          </Childs>
        </Group>
      </Childs>
    </Group>
  </Object>
</Content>