<?xml version="1.0"?>
<Content xmlns:xsi="http://www.w3.org/2001/XMLSchema-instance" xmlns:xsd="http://www.w3.org/2001/XMLSchema">
  <Object id="DVelop.Bootstrap.Tooltip">
    <Group>
      <Name>General</Name>
      <Type>Main</Type>
      <Childs>
        <Prop>
          <Id>ClassSelector</Id>
          <Name>ClassSelector</Name>
          <Type>Text</Type>
          <Default>BootstrapTooltip</Default>
          <Metadata />
        </Prop>
        <Prop>
          <Id>DefaultPosition</Id>
          <Name>DefaultPosition</Name>
          <Type>Combo</Type>
          <Metadata />
          <Values>
            <Value id="top" desc="top" />
            <Value id="left" desc="left" />
            <Value id="right" desc="right" />
            <Value id="bottom" desc="bottom" />
          </Values>
          <Default>bottom</Default>
        </Prop>
        <Group>
          <Name>Delay</Name>
          <Childs>
            <Prop>
              <Id>LabelsShowDelay</Id>
              <Name>LabelsShowDelay</Name>
              <Type>Integer</Type>
              <Default>300</Default>
              <Metadata />
            </Prop>
            <Prop>
              <Id>ButtonsShowDelay</Id>
              <Name>ButtonsShowDelay</Name>
              <Type>Integer</Type>
              <Default>300</Default>
              <Metadata />
            </Prop>
            <Prop>
              <Id>InputsShowDelay</Id>
              <Name>InputsShowDelay</Name>
              <Type>Integer</Type>
              <Default>300</Default>
              <Metadata />
            </Prop>
            <Prop>
              <Id>ImagesShowDelay</Id>
              <Name>ImagesShowDelay</Name>
              <Type>Integer</Type>
              <Metadata />
            </Prop>
            <Prop>
              <Id>HideDelay</Id>
              <Name>HideDelay</Name>
              <Type>Integer</Type>
              <Metadata />
            </Prop>
          </Childs>
        </Group>
      </Childs>
    </Group>
  </Object>
</Content>