<?xml version="1.0"?>
<Content xmlns:xsi="http://www.w3.org/2001/XMLSchema-instance" xmlns:xsd="http://www.w3.org/2001/XMLSchema">
  <Object id="WWP.DateRangePicker">
    <Group>
      <Name>General</Name>
      <Type>Main</Type>
      <Childs>
        <Prop>
          <Id>Width</Id>
          <Name>Width</Name>
          <Type>Text</Type>
          <Default>100</Default>
        </Prop>
        <Prop>
          <Id>Height</Id>
          <Name>Height</Name>
          <Type>Text</Type>
          <Default>100</Default>
          <Metadata />
        </Prop>
         <Prop>
          <Id>Style</Id>
          <Name>Style</Name>
          <Type>Combo</Type>
          <Default>light</Default>
          <Metadata />
          <Values>
            <Value id="light" desc="Light" />
            <Value id="dark" desc="Dark" />
          </Values>
        </Prop>
        <Group>
          <Name>Data Binding</Name>
          <Childs>
            <Prop>
              <Id>DateRangePickerStartDate</Id>
              <Name>Start Date</Name>
              <Type>Custom</Type>
              <CustomType>Artech.Genexus.Common.CustomTypes.ControlAttVarReference, Artech.Genexus.Common</CustomType>
              <Metadata>
                <Value name="FlagSetValueMethod">setDateRangePickerStartDate</Value>
                <Value name="FlagGetValueMethod">getDateRangePickerStartDate</Value>
                <Value name="FlagScope">DesignTime</Value>
                <Value name="FlagDataTypeFilter">DateTime</Value>
                <Value name="FlagHideVariables">False</Value>
                <Value name="FlagHideAttributes">False</Value>
              </Metadata>
            </Prop>
            <Prop>
              <Id>DateRangePickerEndDate</Id>
              <Name>End Date</Name>
              <Type>Custom</Type>
              <CustomType>Artech.Genexus.Common.CustomTypes.ControlAttVarReference, Artech.Genexus.Common</CustomType>
              <Metadata>
                <Value name="FlagSetValueMethod">setDateRangePickerEndDate</Value>
                <Value name="FlagGetValueMethod">getDateRangePickerEndDate</Value>
                <Value name="FlagScope">DesignTime</Value>
                <Value name="FlagDataTypeFilter">DateTime</Value>
                <Value name="FlagHideVariables">False</Value>
                <Value name="FlagHideAttributes">False</Value>
              </Metadata>
            </Prop>
            <Prop>
              <Id>DateRangePickerOptions</Id>
              <Name>PickerOptions</Name>
              <Type>Custom</Type>
              <CustomType>Artech.Genexus.Common.CustomTypes.ControlAttVarReference, Artech.Genexus.Common</CustomType>
              <Metadata>
                <Value name="FlagSetValueMethod">setDateRangePickerOptions</Value>
                <Value name="FlagGetValueMethod">getDateRangePickerOptions</Value>
                <Value name="FlagScope">DesignTime</Value>
                <Value name="FlagHideVariables">False</Value>
                <Value name="FlagHideAttributes">True</Value>
              </Metadata>
            </Prop>
          </Childs>
        </Group>
      </Childs>

    </Group>

  </Object>
</Content>