<?xml version="1.0"?>
<Content xmlns:xsi="http://www.w3.org/2001/XMLSchema-instance" xmlns:xsd="http://www.w3.org/2001/XMLSchema">
	<Object id="DVelop.Bootstrap.DVProgressIndicator">
		<Group>
			<Name>General</Name>
			<Type>Main</Type>
			<Childs>
        <Prop>
          <Id>Type</Id>
          <Name>Type</Name>
          <Type>Combo</Type>
          <Default>Circle</Default>
          <Metadata />
          <Values>
            <Value id="Circle" desc="Circle" />
            <Value id="Bar" desc="Bar" />
          </Values>
        </Prop>
        <Prop>
          <Id>CircleCaptionType</Id>
          <Name>CircleCaptionType</Name>
          <Type>Combo</Type>
          <Default>Caption</Default>
          <Metadata />
          <Values>
            <Value id="Caption" desc="Caption" />
            <Value id="CaptionAndSubtitle" desc="CaptionAndSubtitle" />
            <Value id="RawHTML" desc="RawHTML" />
          </Values>
        </Prop>
				<Prop>
					<Id>Caption</Id>
					<Name>Caption</Name>
					<Type>Text</Type>
					<Metadata />
				</Prop>
        <Prop>
          <Id>Subtitle</Id>
          <Name>Subtitle</Name>
          <Type>Text</Type>
          <Metadata />
        </Prop>
        <Prop>
          <Id>RawHTML</Id>
          <Name>RawHTML</Name>
          <Type>Text</Type>
          <Metadata />
        </Prop>
        <Prop>
          <Id>Cls</Id>
          <Name>Cls</Name>
          <Type>Text</Type>
          <Metadata />
        </Prop>
        <Prop>
          <Id>Percentage</Id>
          <Name>Percentage</Name>
          <Type>Integer</Type>
          <Metadata />
        </Prop>
        <Prop>
          <Id>BarWidth</Id>
          <Name>BarWidth</Name>
          <Type>Text</Type>
          <Default>100%</Default>
          <Metadata />
        </Prop>
        <Prop>
          <Id>CircleWidth</Id>
          <Name>CircleWidth</Name>
          <Type>Integer</Type>
          <Default>70</Default>
          <Metadata />
        </Prop>
        <Prop>
          <Id>CircleProgressWidth</Id>
          <Name>CircleProgressWidth</Name>
          <Type>Integer</Type>
          <Default>8</Default>
          <Metadata />
        </Prop>
        <Prop>
          <Id>AnimateOnStart</Id>
          <Name>AnimateOnStart</Name>
          <Type>Boolean</Type>
          <Default>True</Default>
          <Metadata />
        </Prop>
      </Childs>
		</Group>
	</Object>
</Content>