<?xml version="1.0"?>
<Content xmlns:xsi="http://www.w3.org/2001/XMLSchema-instance" xmlns:xsd="http://www.w3.org/2001/XMLSchema">
  <Object id="DVelop.Bootstrap.SidebarMenu">
    <Group>
      <Name>General</Name>
      <Type>Main</Type>

      <Childs>
        <Group>
          <Name>Search</Name>
          <Childs>
            <Prop>
              <Id>SelectedItem</Id>
              <Name>SelectedItem</Name>
              <Type>Text</Type>
              <Default></Default>
              <Metadata>
                <Value name="FlagScope">Runtime</Value>
              </Metadata>
            </Prop>
            <Prop>
              <Id>SearchServiceUrl</Id>
              <Name>SearchServiceUrl</Name>
              <Type>Text</Type>
              <Metadata />
            </Prop>
            <Prop>
              <Id>GAMOAuthToken</Id>
              <Name>GAMOAuthToken</Name>
              <Type>Text</Type>
              <Default></Default>
              <Metadata>
                <Value name="FlagScope">Runtime</Value>
              </Metadata>
            </Prop>
            <Prop>
              <Id>SearchMinChars</Id>
              <Name>SearchMinChars</Name>
              <Type>Integer</Type>
              <Default>3</Default>
              <Metadata />
            </Prop>
            <Prop>
              <Id>SearchHelperDescription</Id>
              <Name>SearchHelperDescription</Name>
              <Type>Text</Type>
              <Default></Default>
              <Metadata />
            </Prop>
          </Childs>
        </Group>
        <Group>
          <Name>Behavior</Name>
          <Childs>
            <Prop>
              <Id>AllMenuItemsVisibleAtLoad</Id>
              <Name>AllMenuItemsVisibleAtLoad</Name>
              <Type>Boolean</Type>
              <Default>False</Default>
              <Metadata/>
            </Prop>
            <Prop>
              <Id>IncludeToggleButton</Id>
              <Name>IncludeToggleButton</Name>
              <Type>Boolean</Type>
              <Default>False</Default>
              <Metadata>
                <Value name="FlagScope">DesignTime</Value>
              </Metadata>
            </Prop>
          </Childs>
        </Group>
        <Group>
          <Name>Styles</Name>
          <Childs>
            <Prop>
              <Id>SidebarMainClass</Id>
              <Name>SidebarMainClass</Name>
              <Type>Text</Type>
              <Default>page-sidebar</Default>
              <Metadata/>
            </Prop>
            <Prop>
              <Id>HeaderClass</Id>
              <Name>HeaderClass</Name>
              <Type>Text</Type>
              <Default>sidebar-header-wrapper</Default>
              <Metadata />
            </Prop>
            <Prop>
              <Id>SearchInputClass</Id>
              <Name>SearchInputClass</Name>
              <Type>Text</Type>
              <Default>searchinput</Default>
              <Metadata />
            </Prop>
            <Prop>
              <Id>SearchIconClass</Id>
              <Name>SearchIconClass</Name>
              <Type>Text</Type>
              <Default>searchicon fa fa-search</Default>
              <Metadata />
            </Prop>
            <Prop>
              <Id>SearchHelperClass</Id>
              <Name>SearchHelperClass</Name>
              <Type>Text</Type>
              <Default>searchhelper</Default>
              <Metadata />
            </Prop>
            <Prop>
              <Id>SidebarMenuClass</Id>
              <Name>SidebarMenuClass</Name>
              <Type>Text</Type>
              <Default>nav sidebar-menu</Default>
              <Metadata />
            </Prop>
            <Prop>
              <Id>ScrollWidth</Id>
              <Name>ScrollWidth</Name>
              <Type>Integer</Type>
              <Default>3</Default>
              <Metadata />
            </Prop>
            <Prop>
              <Id>ScrollAlwaysVisible</Id>
              <Name>ScrollAlwaysVisible</Name>
              <Type>Boolean</Type>
              <Default>False</Default>
              <Metadata />
            </Prop>
            <Prop>
              <Id>HideScrollInCompactMenu</Id>
              <Name>HideScrollInCompactMenu</Name>
              <Type>Boolean</Type>
              <Default>True</Default>
              <Metadata />
            </Prop>
            <Prop>
              <Id>FirstLevelIsGrouping</Id>
              <Name>FirstLevelIsGrouping</Name>
              <Type>Boolean</Type>
              <Default>False</Default>
              <Metadata />
            </Prop>
            <Prop>
              <Id>ToggleButtonClass</Id>
              <Name>ToggleButtonClass</Name>
              <Type>Text</Type>
              <Default>fa fa-bars</Default>
              <Metadata>
                <Value name="FlagScope">DesignTime</Value>
              </Metadata>
            </Prop>
          </Childs>
        </Group>
        <Group>
          <Name>Data Binding</Name>
          <Childs>
            <Prop>
              <Id>SidebarMenuOptionsData</Id>
              <Name>SidebarMenuOptionsData</Name>
              <Type>Custom</Type>
              <CustomType>Artech.Genexus.Common.CustomTypes.ControlAttVarReference, Artech.Genexus.Common</CustomType>
              <Metadata>
                <Value name="FlagSetValueMethod">SetSidebarMenuOptionsDataOptionsData</Value>
                <Value name="FlagGetValueMethod">GetSidebarMenuOptionsDataOptionsData</Value>
                <Value name="FlagHideVariables">False</Value>
                <Value name="FlagHideAttributes">True</Value>
                <Value name="FlagDataTypeFilter">sdt:DVelop_Menu, WWPBaseObjects</Value>
              </Metadata>
            </Prop>
            <Prop>
              <Id>SidebarMenuUserData</Id>
              <Name>SidebarMenuUserData</Name>
              <Type>Custom</Type>
              <CustomType>Artech.Genexus.Common.CustomTypes.ControlAttVarReference, Artech.Genexus.Common</CustomType>
              <Metadata>
                <Value name="FlagSetValueMethod">SetSidebarMenuUserData</Value>
                <Value name="FlagGetValueMethod">GetSidebarMenuUserData</Value>
                <Value name="FlagHideVariables">False</Value>
                <Value name="FlagHideAttributes">True</Value>
                <Value name="FlagDataTypeFilter">sdt:DVelop_Menu_UserData, WWPBaseObjects</Value>
              </Metadata>
            </Prop>
          </Childs>
        </Group>
      </Childs>
    </Group>
  </Object>
</Content>