<?xml version="1.0"?>
<Content xmlns:xsi="http://www.w3.org/2001/XMLSchema-instance" xmlns:xsd="http://www.w3.org/2001/XMLSchema">
	<Object id="DVelop.Bootstrap.TagsInput">
		<Group>
			<Name>General</Name>
			<Type>Main</Type>
			<Childs>
				<Prop>
					<Id>Cls</Id>
					<Name>Cls</Name>
					<Type>Text</Type>
					<Metadata />
				</Prop>
				<Prop>
					<Id>ModifiedItemText</Id>
					<Name>ModifiedItemText</Name>
					<Type>Text</Type>
					<Metadata>
						<Value name="FlagScope">Runtime</Value>
						<Value name="FlagReadonly">True</Value>
					</Metadata>
				</Prop>
				<Group>
					<Name>Data Binding</Name>
					<Childs>
						<Prop>
							<Id>TagsInputDataVal</Id>
							<Name>TagsInputDataVal</Name>
							<Type>Custom</Type>
							<CustomType>Artech.Genexus.Common.CustomTypes.ControlAttVarReference, Artech.Genexus.Common</CustomType>
							<Metadata>
								<Value name="FlagSetValueMethod">SetTagsInputDataVal</Value>
								<Value name="FlagGetValueMethod">GetTagsInputDataVal</Value>
								<Value name="FlagScope">DesignTime</Value>
								<Value name="FlagDataTypeFilter"></Value>
								<Value name="FlagHideVariables">False</Value>
								<Value name="FlagHideAttributes">True</Value>
							</Metadata>
						</Prop>
						<Prop>
							<Id>TagsInputDataDsc</Id>
							<Name>TagsInputDataDsc</Name>
							<Type>Custom</Type>
							<CustomType>Artech.Genexus.Common.CustomTypes.ControlAttVarReference, Artech.Genexus.Common</CustomType>
							<Metadata>
								<Value name="FlagSetValueMethod">SetTagsInputDataDsc</Value>
								<Value name="FlagGetValueMethod">GetTagsInputDataDsc</Value>
								<Value name="FlagScope">DesignTime</Value>
								<Value name="FlagDataTypeFilter"></Value>
								<Value name="FlagHideVariables">False</Value>
								<Value name="FlagHideAttributes">True</Value>
							</Metadata>
						</Prop>
					</Childs>
				</Group>
			</Childs>
		</Group>
	</Object>
</Content>