<?xml version="1.0"?>
<Content xmlns:xsi="http://www.w3.org/2001/XMLSchema-instance" xmlns:xsd="http://www.w3.org/2001/XMLSchema">
  <Object id="DVelop.DVHorizontalMenu">
    <Group>
      <Name>General</Name>
      <Type>Main</Type>
      <Childs>
        <Prop>
          <Id>Cls</Id>
          <Name>Cls</Name>
          <Type>Text</Type>
          <Metadata />
        </Prop>
        <Prop>
          <Id>Menu</Id>
          <Name>Menu</Name>
          <Type>Custom</Type>
          <CustomType>Artech.Genexus.Common.CustomTypes.ControlAttVarReference, Artech.Genexus.Common</CustomType>
          <Metadata>
            <Value name="FlagSetValueMethod">SetMenu</Value>
            <Value name="FlagGetValueMethod">GetMenu</Value>
            <Value name="FlagDataTypeFilter">sdt:DVelop_Menu, WWPBaseObjects</Value>
          </Metadata>
        </Prop>
        <Prop>
          <Id>CollapsedTitle</Id>
          <Name>CollapsedTitle</Name>
          <Type>Text</Type>
          <Default>Main Menu</Default>
          <Metadata />
        </Prop>
        <Prop>
          <Id>ResizeWidth</Id>
          <Name>ResizeWidth</Name>
          <Type>Text</Type>
          <Default>767</Default>
          <Metadata />
        </Prop>
        <Prop>
          <Id>Code</Id>
          <Name>Code</Name>
          <Type>Text</Type>
          <Metadata>
            <Value name="FlagScope">Runtime</Value>
          </Metadata>
        </Prop>
        <Prop>
          <Id>MenuType</Id>
          <Name>MenuType</Name>
          <Type>Combo</Type>
          <Default>Regular</Default>
          <Metadata />
          <Values>
            <Value id="Regular" desc="Regular" />
            <Value id="Mega" desc="Mega" />
          </Values>
        </Prop>
        <Group>
          <Name>More Option</Name>
          <Childs>
            <Prop>
              <Id>MoreOptionEnabled</Id>
              <Name>MoreOptionEnabled</Name>
              <Type>Boolean</Type>
              <Default>False</Default>
              <Metadata />
            </Prop>
            <Prop>
              <Id>MoreOptionType</Id>
              <Name>MoreOptionType</Name>
              <Type>Combo</Type>
              <Default>MenuOption</Default>
              <Metadata />
              <Values>
                <Value id="MenuOption" desc="MenuOption" />
                <Value id="Slider" desc="Slider" />
              </Values>
            </Prop>
            <Prop>
              <Id>MoreOptionCaption</Id>
              <Name>MoreOptionCaption</Name>
              <Type>Text</Type>
              <Default>More</Default>
              <Metadata />
            </Prop>
            <Prop>
              <Id>MoreOptionIcon</Id>
              <Name>MoreOptionIcon</Name>
              <Type>Text</Type>
              <Default></Default>
              <Metadata />
            </Prop>
            <Prop>
              <Id>MoreOptionShowIconsOnInnerOptions</Id>
              <Name>MoreOptionShowIconsOnInnerOptions</Name>
              <Type>Boolean</Type>
              <Default>False</Default>
              <Metadata />
            </Prop>
          </Childs>
        </Group>
      </Childs>
    </Group>
  </Object>
</Content>