<?xml version="1.0"?>
<Content xmlns:xsi="http://www.w3.org/2001/XMLSchema-instance" xmlns:xsd="http://www.w3.org/2001/XMLSchema">
  <Object id="DVelop.Bootstrap.DropDownOptions">
    <Group>
      <Name>General</Name>
      <Type>Main</Type>
      <Childs>
        <Prop>
          <Id>IconType</Id>
          <Name>IconType</Name>
          <Type>Combo</Type>
          <Default>Image</Default>
          <Metadata />
          <Values>
            <Value id="Image" desc="Image" />
            <Value id="FontIcon" desc="FontIcon" />
          </Values>
        </Prop>
        <Prop>
          <Id>Icon</Id>
          <Name>Icon</Name>
          <Type>Text</Type>
          <Metadata />
        </Prop>
        <Prop>
          <Id>Caption</Id>
          <Name>Caption</Name>
          <Type>Text</Type>
          <Metadata />
        </Prop>
        <Prop>
          <Id>Tooltip</Id>
          <Name>Tooltip</Name>
          <Type>Text</Type>
          <Metadata />
        </Prop>
        <Prop>
          <Id>Cls</Id>
          <Name>Cls</Name>
          <Type>Text</Type>
          <Metadata />
        </Prop>
        <Prop>
          <Id>TitleControlAlign</Id>
          <Name>TitleControlAlign</Name>
          <Type>Combo</Type>
          <Default>Automatic</Default>
          <Metadata />
          <Values>
            <Value id="Automatic" desc="Automatic" />
            <Value id="Right" desc="Right" />
            <Value id="Left" desc="Left" />
          </Values>
        </Prop>
        <Prop>
          <Id>DropDownOptionsType</Id>
          <Name>DropDownOptionsType</Name>
          <Type>Combo</Type>
          <Default>GridColumnsSelector</Default>
          <Metadata>
            <Value name="FlagScope">DesignTime</Value>
          </Metadata>
          <Values>
            <Value id="GridColumnsSelector" desc="GridColumnsSelector" />
          </Values>
        </Prop>
        <Prop>
          <Id>Visible</Id>
          <Name>Visible</Name>
          <Type>Boolean</Type>
          <Default>True</Default>
          <Metadata />
        </Prop>
        <Group>
          <Name>Settings</Name>
          <Childs>
            <Prop>
              <Id>GridInternalName</Id>
              <Name>GridInternalName</Name>
              <Type>Text</Type>
              <Default></Default>
              <Metadata>
                <Value name="FlagScope">Runtime</Value>
              </Metadata>
            </Prop>
            <Prop>
              <Id>TitleControlIdToReplace</Id>
              <Name>TitleControlIdToReplace</Name>
              <Type>Text</Type>
              <Default></Default>
              <Metadata />
            </Prop>
            <Prop>
              <Id>ColumnsSelectorValues</Id>
              <Name>ColumnsSelectorValues</Name>
              <Type>Text</Type>
              <Metadata>
                <Value name="FlagScope">Runtime</Value>
              </Metadata>
            </Prop>
            <Group>
              <Name>Labels</Name>
              <Childs>
                <Prop>
                  <Id>UpdateButtonText</Id>
                  <Name>UpdateButtonText</Name>
                  <Type>Text</Type>
                  <Default></Default>
                  <Metadata />
                </Prop>
              </Childs>
            </Group>
          </Childs>
        </Group>
        <Group>
          <Name>Data Binding</Name>
          <Childs>
            <Prop>
              <Id>DropDownOptionsTitleSettingsIcons</Id>
              <Name>DropDownOptionsTitleSettingsIcons</Name>
              <Type>Custom</Type>
              <CustomType>Artech.Genexus.Common.CustomTypes.ControlAttVarReference, Artech.Genexus.Common</CustomType>
              <Metadata>
                <Value name="FlagSetValueMethod">SetDropDownOptionsTitleSettingsIcons</Value>
                <Value name="FlagGetValueMethod">GetDropDownOptionsTitleSettingsIcons</Value>
                <Value name="FlagScope">DesignTime</Value>
                <Value name="FlagDataTypeFilter">DVB_SDTDropDownOptionsTitleSettingsIcons</Value>
                <Value name="FlagHideVariables">False</Value>
                <Value name="FlagHideAttributes">True</Value>
              </Metadata>
            </Prop>
            <Prop>
              <Id>DropDownOptionsData</Id>
              <Name>DropDownOptionsData</Name>
              <Type>Custom</Type>
              <CustomType>Artech.Genexus.Common.CustomTypes.ControlAttVarReference, Artech.Genexus.Common</CustomType>
              <Metadata>
                <Value name="FlagSetValueMethod">SetDropDownOptionsData</Value>
                <Value name="FlagGetValueMethod">GetDropDownOptionsData</Value>
                <Value name="FlagScope">DesignTime</Value>
                <Value name="FlagDataTypeFilter">DVB_SDTDropDownOptionsData</Value>
                <Value name="FlagHideVariables">False</Value>
                <Value name="FlagHideAttributes">True</Value>
              </Metadata>
            </Prop>
          </Childs>
        </Group>
      </Childs>
    </Group>
  </Object>
</Content>