<?xml version="1.0"?>
<Content xmlns:xsi="http://www.w3.org/2001/XMLSchema-instance" xmlns:xsd="http://www.w3.org/2001/XMLSchema">
  <Object id="DVelop.Bootstrap.DropDownOptions">
    <Group>
      <Name>General</Name>
      <Type>Main</Type>
      <Childs>
        <Prop>
          <Id>IconType</Id>
          <Name>IconType</Name>
          <Type>Combo</Type>
          <Default>Image</Default>
          <Metadata />
          <Values>
            <Value id="Image" desc="Image" />
            <Value id="FontIcon" desc="FontIcon" />
          </Values>
        </Prop>
        <Prop>
          <Id>Icon</Id>
          <Name>Icon</Name>
          <Type>Text</Type>
          <Metadata />
        </Prop>
        <Prop>
          <Id>Caption</Id>
          <Name>Caption</Name>
          <Type>Text</Type>
          <Metadata />
        </Prop>
        <Prop>
          <Id>Tooltip</Id>
          <Name>Tooltip</Name>
          <Type>Text</Type>
          <Metadata />
        </Prop>
        <Prop>
          <Id>Cls</Id>
          <Name>Cls</Name>
          <Type>Text</Type>
          <Metadata />
        </Prop>
        <Prop>
          <Id>SelectedValue_set</Id>
          <Name>SelectedValue_set</Name>
          <Type>Text</Type>
          <Metadata>
            <Value name="FlagScope">Runtime</Value>
          </Metadata>
        </Prop>
        <Prop>
          <Id>SelectedValue_get</Id>
          <Name>SelectedValue_get</Name>
          <Type>Text</Type>
          <Metadata>
            <Value name="FlagScope">Runtime</Value>
            <Value name="FlagReadonly">True</Value>
          </Metadata>
        </Prop>
        <Prop>
          <Id>SelectedText_set</Id>
          <Name>SelectedText_set</Name>
          <Type>Text</Type>
          <Metadata>
            <Value name="FlagScope">Runtime</Value>
          </Metadata>
        </Prop>
        <Prop>
          <Id>SelectedText_get</Id>
          <Name>SelectedText_get</Name>
          <Type>Text</Type>
          <Metadata>
            <Value name="FlagScope">Runtime</Value>
            <Value name="FlagReadonly">True</Value>
          </Metadata>
        </Prop>
        <Prop>
          <Id>GAMOAuthToken</Id>
          <Name>GAMOAuthToken</Name>
          <Type>Text</Type>
          <Metadata>
            <Value name="FlagScope">Runtime</Value>
          </Metadata>
        </Prop>
        <Prop>
          <Id>DDOInternalName</Id>
          <Name>DDOInternalName</Name>
          <Type>Text</Type>
          <Metadata>
            <Value name="FlagScope">Runtime</Value>
            <Value name="FlagReadonly">True</Value>
          </Metadata>
        </Prop>
        <Prop>
          <Id>TitleControlAlign</Id>
          <Name>TitleControlAlign</Name>
          <Type>Combo</Type>
          <Default>Automatic</Default>
          <Metadata />
          <Values>
            <Value id="Automatic" desc="Automatic" />
            <Value id="Right" desc="Right" />
            <Value id="Left" desc="Left" />
          </Values>
        </Prop>
        <Prop>
          <Id>DropDownOptionsType</Id>
          <Name>DropDownOptionsType</Name>
          <Type>Combo</Type>
          <Default>ExtendedComboBox</Default>
          <Metadata>
            <Value name="FlagScope">DesignTime</Value>
          </Metadata>
          <Values>
            <Value id="ExtendedComboBox" desc="ExtendedComboBox" />
          </Values>
        </Prop>
        <Prop>
          <Id>Enabled</Id>
          <Name>Enabled</Name>
          <Type>Boolean</Type>
          <Default>True</Default>
          <Metadata />
        </Prop>
        <Prop>
          <Id>Visible</Id>
          <Name>Visible</Name>
          <Type>Boolean</Type>
          <Default>True</Default>
          <Metadata />
        </Prop>
        <Group>
          <Name>Settings</Name>
          <Childs>
            <Prop>
              <Id>TitleControlIdToReplace</Id>
              <Name>TitleControlIdToReplace</Name>
              <Type>Text</Type>
              <Default></Default>
              <Metadata />
            </Prop>
            <Prop>
              <Id>DataListType</Id>
              <Name>DataListType</Name>
              <Type>Combo</Type>
              <Default>Dynamic</Default>
              <Metadata>
                <Value name="FlagScope">DesignTime</Value>
              </Metadata>
              <Values>
                <Value id="FixedValues" desc="FixedValues" />
                <Value id="Dynamic" desc="Dynamic" />
              </Values>
            </Prop>
            <Prop>
              <Id>AllowMultipleSelection</Id>
              <Name>AllowMultipleSelection</Name>
              <Type>Boolean</Type>
              <Default>False</Default>
              <Metadata />
            </Prop>
            <Prop>
              <Id>DataListFixedValues</Id>
              <Name>DataListFixedValues</Name>
              <Type>Text</Type>
              <Metadata />
            </Prop>
            <Prop>
              <Id>IsGridItem</Id>
              <Name>IsGridItem</Name>
              <Type>Boolean</Type>
              <Default>False</Default>
              <Metadata>
                <Value name="FlagScope">DesignTime</Value>
              </Metadata>
            </Prop>
            <Prop>
              <Id>HasDescription</Id>
              <Name>HasDescription</Name>
              <Type>Boolean</Type>
              <Default>False</Default>
              <Metadata>
                <Value name="FlagScope">DesignTime</Value>
              </Metadata>
            </Prop>
            <Prop>
              <Id>DataListProc</Id>
              <Name>DataListProc</Name>
              <Type>Text</Type>
              <Metadata />
            </Prop>
            <Prop>
              <Id>DataListGXProc</Id>
              <Name>DataListGXProc</Name>
              <Type>Custom</Type>
              <CustomType>Artech.Architecture.Common.Objects.KBObjectReference, Artech.Architecture.Common</CustomType>
              <Metadata>
                <Value name="CustomAttribute">Artech.Architecture.Common.Objects.KBObjectReferenceSettingsAttribute(AllowedType=84a12160-f59b-4ad7-a683-ea4481ac23e9, AllowedType=2A9E9ABA-D2DE-4801-AE7F-5E3819222DAF),Artech.Architecture.Common</Value>
                <Value name="FlagScope">DesignTime</Value>
                <Value name="FlagNoSpecify"></Value>
              </Metadata>
            </Prop>
            <Prop>
              <Id>DataListProcParametersPrefix</Id>
              <Name>DataListProcParametersPrefix</Name>
              <Type>Text</Type>
              <Metadata />
            </Prop>
            <Prop>
              <Id>DataListUpdateMinimumCharacters</Id>
              <Name>DataListUpdateMinimumCharacters</Name>
              <Type>Integer</Type>
              <Metadata />
            </Prop>
            <Prop>
              <Id>IncludeOnlySelectedOption</Id>
              <Name>IncludeOnlySelectedOption</Name>
              <Type>Boolean</Type>
              <Default>True</Default>
              <Metadata />
            </Prop>
            <Prop>
              <Id>IncludeSelectAllOption</Id>
              <Name>IncludeSelectAllOption</Name>
              <Type>Boolean</Type>
              <Default>True</Default>
              <Metadata />
            </Prop>
            <Prop>
              <Id>EmptyItem</Id>
              <Name>EmptyItem</Name>
              <Type>Boolean</Type>
              <Default>True</Default>
              <Metadata />
            </Prop>
            <Prop>
              <Id>IncludeAddNewOption</Id>
              <Name>IncludeAddNewOption</Name>
              <Type>Boolean</Type>
              <Default>False</Default>
              <Metadata />
            </Prop>
            <Prop>
              <Id>HTMLTemplate</Id>
              <Name>HTMLTemplate</Name>
              <Type>Text</Type>
              <Default></Default>
              <Metadata />
            </Prop>
            <Prop>
              <Id>MultipleValuesType</Id>
              <Name>MultipleValuesType</Name>
              <Type>Combo</Type>
              <Default>Text</Default>
              <Metadata />
              <Values>
                <Value id="Text" desc="Text" />
                <Value id="Tags" desc="Tags" />
              </Values>
            </Prop>
            <Group>
              <Name>Labels</Name>
              <Childs>
                <Prop>
                  <Id>LoadingData</Id>
                  <Name>LoadingData</Name>
                  <Type>Text</Type>
                  <Default></Default>
                  <Metadata />
                </Prop>
                <Prop>
                  <Id>NoResultsFound</Id>
                  <Name>NoResultsFound</Name>
                  <Type>Text</Type>
                  <Default></Default>
                  <Metadata />
                </Prop>
                <Prop>
                  <Id>EmptyItemText</Id>
                  <Name>EmptyItemText</Name>
                  <Type>Text</Type>
                  <Default>GX_EmptyItemText</Default>
                  <Metadata />
                </Prop>
                <Prop>
                  <Id>OnlySelectedValues</Id>
                  <Name>OnlySelectedValues</Name>
                  <Type>Text</Type>
                  <Default></Default>
                  <Metadata />
                </Prop>
                <Prop>
                  <Id>SelectAllText</Id>
                  <Name>SelectAllText</Name>
                  <Type>Text</Type>
                  <Default></Default>
                  <Metadata />
                </Prop>
                <Prop>
                  <Id>MultipleValuesSeparator</Id>
                  <Name>MultipleValuesSeparator</Name>
                  <Type>Text</Type>
                  <Default>, </Default>
                  <Metadata />
                </Prop>
                <Prop>
                  <Id>AddNewOptionText</Id>
                  <Name>AddNewOptionText</Name>
                  <Type>Text</Type>
                  <Default></Default>
                  <Metadata />
                </Prop>
              </Childs>
            </Group>
          </Childs>
        </Group>
        <Group>
          <Name>Data Binding</Name>
          <Childs>
            <Prop>
              <Id>DropDownOptionsTitleSettingsIcons</Id>
              <Name>DropDownOptionsTitleSettingsIcons</Name>
              <Type>Custom</Type>
              <CustomType>Artech.Genexus.Common.CustomTypes.ControlAttVarReference, Artech.Genexus.Common</CustomType>
              <Metadata>
                <Value name="FlagSetValueMethod">SetDropDownOptionsTitleSettingsIcons</Value>
                <Value name="FlagGetValueMethod">GetDropDownOptionsTitleSettingsIcons</Value>
                <Value name="FlagScope">DesignTime</Value>
                <Value name="FlagDataTypeFilter">DVB_SDTDropDownOptionsTitleSettingsIcons</Value>
                <Value name="FlagHideVariables">False</Value>
                <Value name="FlagHideAttributes">True</Value>
              </Metadata>
            </Prop>
            <Prop>
              <Id>DropDownOptionsData</Id>
              <Name>DropDownOptionsData</Name>
              <Type>Custom</Type>
              <CustomType>Artech.Genexus.Common.CustomTypes.ControlAttVarReference, Artech.Genexus.Common</CustomType>
              <Metadata>
                <Value name="FlagSetValueMethod">SetDropDownOptionsData</Value>
                <Value name="FlagGetValueMethod">GetDropDownOptionsData</Value>
                <Value name="FlagScope">DesignTime</Value>
                <Value name="FlagDataTypeFilter">DVB_SDTDropDownOptionsData</Value>
                <Value name="FlagHideVariables">False</Value>
                <Value name="FlagHideAttributes">True</Value>
              </Metadata>
            </Prop>
          </Childs>
        </Group>
      </Childs>
    </Group>
  </Object>
</Content>