<?xml version="1.0"?>
<Content xmlns:xsi="http://www.w3.org/2001/XMLSchema-instance" xmlns:xsd="http://www.w3.org/2001/XMLSchema">
  <Object id="DVelop.Bootstrap.DropDownOptions">
    <Group>
      <Name>General</Name>
      <Type>Main</Type>
      <Childs>
        <Prop>
          <Id>IconType</Id>
          <Name>IconType</Name>
          <Type>Combo</Type>
          <Default>Image</Default>
          <Metadata />
          <Values>
            <Value id="Image" desc="Image" />
            <Value id="FontIcon" desc="FontIcon" />
          </Values>
        </Prop>
        <Prop>
          <Id>Icon</Id>
          <Name>Icon</Name>
          <Type>Text</Type>
          <Metadata />
        </Prop>
        <Prop>
          <Id>Caption</Id>
          <Name>Caption</Name>
          <Type>Text</Type>
          <Metadata />
        </Prop>
        <Prop>
          <Id>Tooltip</Id>
          <Name>Tooltip</Name>
          <Type>Text</Type>
          <Metadata />
        </Prop>
        <Prop>
          <Id>Cls</Id>
          <Name>Cls</Name>
          <Type>Text</Type>
          <Metadata />
        </Prop>
        <Prop>
          <Id>ActiveEventKey</Id>
          <Name>ActiveEventKey</Name>
          <Type>Text</Type>
          <Metadata>
            <Value name="FlagReadonly">True</Value>
            <Value name="FlagScope">Runtime</Value>
          </Metadata>
        </Prop>
        <Prop>
          <Id>FilteredText_set</Id>
          <Name>FilteredText_set</Name>
          <Type>Text</Type>
          <Metadata>
            <Value name="FlagScope">Runtime</Value>
          </Metadata>
        </Prop>
        <Prop>
          <Id>FilteredText_get</Id>
          <Name>FilteredText_get</Name>
          <Type>Text</Type>
          <Metadata>
            <Value name="FlagScope">Runtime</Value>
            <Value name="FlagReadonly">True</Value>
          </Metadata>
        </Prop>
        <Prop>
          <Id>FilteredTextTo_set</Id>
          <Name>FilteredTextTo_set</Name>
          <Type>Text</Type>
          <Metadata>
            <Value name="FlagScope">Runtime</Value>
          </Metadata>
        </Prop>
        <Prop>
          <Id>FilteredTextTo_get</Id>
          <Name>FilteredTextTo_get</Name>
          <Type>Text</Type>
          <Metadata>
            <Value name="FlagScope">Runtime</Value>
            <Value name="FlagReadonly">True</Value>
          </Metadata>
        </Prop>
        <Prop>
          <Id>SelectedValue_set</Id>
          <Name>SelectedValue_set</Name>
          <Type>Text</Type>
          <Metadata>
            <Value name="FlagScope">Runtime</Value>
          </Metadata>
        </Prop>
        <Prop>
          <Id>SelectedValue_get</Id>
          <Name>SelectedValue_get</Name>
          <Type>Text</Type>
          <Metadata>
            <Value name="FlagScope">Runtime</Value>
            <Value name="FlagReadonly">True</Value>
          </Metadata>
        </Prop>
        <Prop>
          <Id>SelectedText_set</Id>
          <Name>SelectedText_set</Name>
          <Type>Text</Type>
          <Metadata>
            <Value name="FlagScope">Runtime</Value>
          </Metadata>
        </Prop>
        <Prop>
          <Id>SelectedText_get</Id>
          <Name>SelectedText_get</Name>
          <Type>Text</Type>
          <Metadata>
            <Value name="FlagScope">Runtime</Value>
            <Value name="FlagReadonly">True</Value>
          </Metadata>
        </Prop>
        <Prop>
          <Id>GAMOAuthToken</Id>
          <Name>GAMOAuthToken</Name>
          <Type>Text</Type>
          <Metadata>
            <Value name="FlagScope">Runtime</Value>
          </Metadata>
        </Prop>
        <Prop>
          <Id>TitleControlAlign</Id>
          <Name>TitleControlAlign</Name>
          <Type>Combo</Type>
          <Default>Automatic</Default>
          <Metadata />
          <Values>
            <Value id="Automatic" desc="Automatic" />
            <Value id="Right" desc="Right" />
            <Value id="Left" desc="Left" />
          </Values>
        </Prop>
        <Prop>
          <Id>DropDownOptionsType</Id>
          <Name>DropDownOptionsType</Name>
          <Type>Combo</Type>
          <Default>GridTitleSettings</Default>
          <Metadata>
            <Value name="FlagScope">DesignTime</Value>
          </Metadata>
          <Values>
            <Value id="GridTitleSettings" desc="GridTitleSettings" />
          </Values>
        </Prop>
        <Prop>
          <Id>Visible</Id>
          <Name>Visible</Name>
          <Type>Boolean</Type>
          <Default>True</Default>
          <Metadata />
        </Prop>
        <Group>
          <Name>Settings</Name>
          <Childs>
            <Prop>
              <Id>TitleControlIdToReplace</Id>
              <Name>TitleControlIdToReplace</Name>
              <Type>Text</Type>
              <Default></Default>
              <Metadata />
            </Prop>
            <Prop>
              <Id>IncludeSortASC</Id>
              <Name>IncludeSortASC</Name>
              <Type>Boolean</Type>
              <Default>False</Default>
              <Metadata />
            </Prop>
            <Prop>
              <Id>IncludeSortDSC</Id>
              <Name>IncludeSortDSC</Name>
              <Type>Boolean</Type>
              <Default>False</Default>
              <Metadata />
            </Prop>
            <Prop>
              <Id>AllowGroup</Id>
              <Name>AllowGroup</Name>
              <Type>Boolean</Type>
              <Default>False</Default>
              <Metadata />
            </Prop>
            <Prop>
              <Id>SortedStatus</Id>
              <Name>SortedStatus</Name>
              <Type>Text</Type>
              <Metadata>
                <Value name="FlagScope">Runtime</Value>
              </Metadata>
            </Prop>
            <Prop>
              <Id>IncludeFilter</Id>
              <Name>IncludeFilter</Name>
              <Type>Boolean</Type>
              <Default>False</Default>
              <Metadata />
            </Prop>
            <Prop>
              <Id>FilterType</Id>
              <Name>FilterType</Name>
              <Type>Combo</Type>
              <Default>Character</Default>
              <Metadata />
              <Values>
                <Value id="Character" desc="Character" />
                <Value id="Numeric" desc="Numeric" />
                <Value id="Date" desc="Date" />
              </Values>
            </Prop>
            <Prop>
              <Id>FilterIsRange</Id>
              <Name>FilterIsRange</Name>
              <Type>Boolean</Type>
              <Default>False</Default>
              <Metadata />
            </Prop>
            <Prop>
              <Id>FilterIsRangePicker</Id>
              <Name>FilterIsRangePicker</Name>
              <Type>Boolean</Type>
              <Default>False</Default>
              <Metadata />
            </Prop>
            <Prop>
              <Id>IncludeDataList</Id>
              <Name>IncludeDataList</Name>
              <Type>Boolean</Type>
              <Default>False</Default>
              <Metadata />
            </Prop>
            <Prop>
              <Id>DataListType</Id>
              <Name>DataListType</Name>
              <Type>Combo</Type>
              <Default>Dynamic</Default>
              <Metadata />
              <Values>
                <Value id="FixedValues" desc="FixedValues" />
                <Value id="Dynamic" desc="Dynamic" />
                <Value id="Dynamic (with fixedValues)" desc="Dynamic (with fixedValues)" />
              </Values>
            </Prop>
            <Prop>
              <Id>AllowMultipleSelection</Id>
              <Name>AllowMultipleSelection</Name>
              <Type>Boolean</Type>
              <Default>False</Default>
              <Metadata />
            </Prop>
            <Prop>
              <Id>DataListFixedValues</Id>
              <Name>DataListFixedValues</Name>
              <Type>Text</Type>
              <Metadata />
            </Prop>
            <Prop>
              <Id>DataListProc</Id>
              <Name>DataListProc</Name>
              <Type>Text</Type>
              <Metadata />
            </Prop>
            <Prop>
              <Id>DataListGXProc</Id>
              <Name>DataListGXProc</Name>
              <Type>Custom</Type>
              <CustomType>Artech.Architecture.Common.Objects.KBObjectReference, Artech.Architecture.Common</CustomType>
              <Metadata>
                <Value name="CustomAttribute">Artech.Architecture.Common.Objects.KBObjectReferenceSettingsAttribute(AllowedType=84a12160-f59b-4ad7-a683-ea4481ac23e9, AllowedType=2A9E9ABA-D2DE-4801-AE7F-5E3819222DAF),Artech.Architecture.Common</Value>
                <Value name="FlagScope">DesignTime</Value>
                <Value name="FlagNoSpecify"></Value>
              </Metadata>
            </Prop>
            <Prop>
              <Id>DataListProcParametersPrefix</Id>
              <Name>DataListProcParametersPrefix</Name>
              <Type>Text</Type>
              <Metadata />
            </Prop>
            <Prop>
              <Id>DataListUpdateMinimumCharacters</Id>
              <Name>DataListUpdateMinimumCharacters</Name>
              <Type>Integer</Type>
              <Metadata />
            </Prop>
            <Prop>
              <Id>FixedFilters</Id>
              <Name>FixedFilters</Name>
              <Type>Text</Type>
              <Metadata />
            </Prop>
            <Prop>
              <Id>SelectedFixedFilter</Id>
              <Name>SelectedFixedFilter</Name>
              <Type>Text</Type>
              <Metadata>
                <Value name="FlagScope">Runtime</Value>
              </Metadata>
            </Prop>
            <Group>
              <Name>Labels</Name>
              <Childs>
                <Prop>
                  <Id>SortASC</Id>
                  <Name>SortASC</Name>
                  <Type>Text</Type>
                  <Default>Sort from A to Z</Default>
                  <Metadata />
                </Prop>
                <Prop>
                  <Id>SortDSC</Id>
                  <Name>SortDSC</Name>
                  <Type>Text</Type>
                  <Default>Sort from Z to A</Default>
                  <Metadata />
                </Prop>
                <Prop>
                  <Id>AllowGroupText</Id>
                  <Name>AllowGroupText</Name>
                  <Type>Text</Type>
                  <Default>Group by...</Default>
                  <Metadata />
                </Prop>
                <Prop>
                  <Id>LoadingData</Id>
                  <Name>LoadingData</Name>
                  <Type>Text</Type>
                  <Default>Loading data...</Default>
                  <Metadata />
                </Prop>
                <Prop>
                  <Id>CleanFilter</Id>
                  <Name>CleanFilter</Name>
                  <Type>Text</Type>
                  <Default>Clean search</Default>
                  <Metadata />
                </Prop>
                <Prop>
                  <Id>RangeFilterFrom</Id>
                  <Name>RangeFilterFrom</Name>
                  <Type>Text</Type>
                  <Default>From</Default>
                  <Metadata />
                </Prop>
                <Prop>
                  <Id>RangeFilterTo</Id>
                  <Name>RangeFilterTo</Name>
                  <Type>Text</Type>
                  <Default>To</Default>
                  <Metadata />
                </Prop>
                <Prop>
                  <Id>NoResultsFound</Id>
                  <Name>NoResultsFound</Name>
                  <Type>Text</Type>
                  <Default>- No results found -</Default>
                  <Metadata />
                </Prop>
                <Prop>
                  <Id>SearchButtonText</Id>
                  <Name>SearchButtonText</Name>
                  <Type>Text</Type>
                  <Default>Search</Default>
                  <Metadata />
                </Prop>
              </Childs>
            </Group>
          </Childs>
        </Group>
        <Group>
          <Name>Data Binding</Name>
          <Childs>
            <Prop>
              <Id>DropDownOptionsTitleSettingsIcons</Id>
              <Name>DropDownOptionsTitleSettingsIcons</Name>
              <Type>Custom</Type>
              <CustomType>Artech.Genexus.Common.CustomTypes.ControlAttVarReference, Artech.Genexus.Common</CustomType>
              <Metadata>
                <Value name="FlagSetValueMethod">SetDropDownOptionsTitleSettingsIcons</Value>
                <Value name="FlagGetValueMethod">GetDropDownOptionsTitleSettingsIcons</Value>
                <Value name="FlagScope">DesignTime</Value>
                <Value name="FlagDataTypeFilter">DVB_SDTDropDownOptionsTitleSettingsIcons</Value>
                <Value name="FlagHideVariables">False</Value>
                <Value name="FlagHideAttributes">True</Value>
              </Metadata>
            </Prop>
            <Prop>
              <Id>DropDownOptionsData</Id>
              <Name>DropDownOptionsData</Name>
              <Type>Custom</Type>
              <CustomType>Artech.Genexus.Common.CustomTypes.ControlAttVarReference, Artech.Genexus.Common</CustomType>
              <Metadata>
                <Value name="FlagSetValueMethod">SetDropDownOptionsData</Value>
                <Value name="FlagGetValueMethod">GetDropDownOptionsData</Value>
                <Value name="FlagScope">DesignTime</Value>
                <Value name="FlagDataTypeFilter">DVB_SDTDropDownOptionsData</Value>
                <Value name="FlagHideVariables">False</Value>
                <Value name="FlagHideAttributes">True</Value>
              </Metadata>
            </Prop>
          </Childs>
        </Group>
      </Childs>
    </Group>
  </Object>
</Content>