<?xml version="1.0"?>
<Content xmlns:xsi="http://www.w3.org/2001/XMLSchema-instance" xmlns:xsd="http://www.w3.org/2001/XMLSchema">
  <Object id="DVelop.Bootstrap.DropDownOptions">
    <Group>
      <Name>General</Name>
      <Type>Main</Type>
      <Childs>
        <Prop>
          <Id>IconType</Id>
          <Name>IconType</Name>
          <Type>Combo</Type>
          <Default>Image</Default>
          <Metadata />
          <Values>
            <Value id="Image" desc="Image" />
            <Value id="FontIcon" desc="FontIcon" />
          </Values>
        </Prop>
        <Prop>
          <Id>Icon</Id>
          <Name>Icon</Name>
          <Type>Text</Type>
          <Metadata />
        </Prop>
        <Prop>
          <Id>Caption</Id>
          <Name>Caption</Name>
          <Type>Text</Type>
          <Metadata />
        </Prop>
        <Prop>
          <Id>Tooltip</Id>
          <Name>Tooltip</Name>
          <Type>Text</Type>
          <Metadata />
        </Prop>
        <Prop>
          <Id>Cls</Id>
          <Name>Cls</Name>
          <Type>Text</Type>
          <Metadata />
        </Prop>
        <Prop>
          <Id>ComponentWidth</Id>
          <Name>ComponentWidth</Name>
          <Type>Integer</Type>
          <Default>400</Default>
          <Metadata />
        </Prop>
        <Prop>
          <Id>TitleControlAlign</Id>
          <Name>TitleControlAlign</Name>
          <Type>Combo</Type>
          <Default>Automatic</Default>
          <Metadata />
          <Values>
            <Value id="Automatic" desc="Automatic" />
            <Value id="Right" desc="Right" />
            <Value id="Left" desc="Left" />
          </Values>
        </Prop>
        <Prop>
          <Id>DropDownOptionsType</Id>
          <Name>DropDownOptionsType</Name>
          <Type>Combo</Type>
          <Default>Component</Default>
          <Metadata>
            <Value name="FlagScope">DesignTime</Value>
          </Metadata>
          <Values>
            <Value id="Component" desc="Component" />
          </Values>
        </Prop>
        <Prop>
          <Id>Visible</Id>
          <Name>Visible</Name>
          <Type>Boolean</Type>
          <Default>True</Default>
          <Metadata />
        </Prop>
        <Group>
          <Name>Settings</Name>
          <Childs>
            <Prop>
              <Id>TitleControlIdToReplace</Id>
              <Name>TitleControlIdToReplace</Name>
              <Type>Text</Type>
              <Default></Default>
              <Metadata />
            </Prop>
            <Prop>
              <Id>ShowLoading</Id>
              <Name>ShowLoading</Name>
              <Type>Boolean</Type>
              <Default>True</Default>
              <Metadata />
            </Prop>
            <Prop>
              <Id>Load</Id>
              <Name>Load</Name>
              <Type>Combo</Type>
              <Default>OnEveryClick</Default>
              <Metadata />
              <Values>
                <Value id="OnWebPanelLoad" desc="OnWebPanelLoad" />
                <Value id="OnFirstClick" desc="OnFirstClick" />
                <Value id="OnEveryClick" desc="OnEveryClick" />
              </Values>
            </Prop>
            <Prop>
              <Id>KeepOpened</Id>
              <Name>KeepOpened</Name>
              <Type>Boolean</Type>
              <Default>False</Default>
              <Metadata />
            </Prop>
            <Prop>
              <Id>Trigger</Id>
              <Name>Trigger</Name>
              <Type>Combo</Type>
              <Default>Click</Default>
              <Metadata>
                <Value name="FlagScope">DesignTime</Value>
              </Metadata>
              <Values>
                <Value id="Click" desc="Click" />
                <Value id="Hover" desc="Hover" />
              </Values>
            </Prop>
          </Childs>
        </Group>
      </Childs>
    </Group>
  </Object>
</Content>