<?xml version="1.0"?>
<Content xmlns:xsi="http://www.w3.org/2001/XMLSchema-instance" xmlns:xsd="http://www.w3.org/2001/XMLSchema">
  <Object id="WWP.Suggest">
    <Group>
      <Name>General</Name>
      <Type>Main</Type>
      <Childs>
        <Prop>
          <Id>Cls</Id>
          <Name>Cls</Name>
          <Type>Text</Type>
          <Metadata />
        </Prop>
        <Prop>
          <Id>GAMOAuthToken</Id>
          <Name>GAMOAuthToken</Name>
          <Type>Text</Type>
          <Metadata>
            <Value name="FlagScope">Runtime</Value>
          </Metadata>
        </Prop>
        <Prop>
          <Id>DataListProc</Id>
          <Name>DataListProc</Name>
          <Type>Text</Type>
          <Metadata>
          </Metadata>
        </Prop>
        <Prop>
          <Id>ItemHtmlTemplate</Id>
          <Name>ItemHtmlTemplate</Name>
          <Type>Text</Type>
          <Metadata>
          </Metadata>
        </Prop>
        <Prop>
          <Id>SelectedItemsJson</Id>
          <Name>SelectedItemsJson</Name>
          <Type>Text</Type>
          <Metadata>
            <Value name="FlagReadonly">True</Value>
            <Value name="FlagScope">Runtime</Value>
          </Metadata>
        </Prop>
      </Childs>
    </Group>
  </Object>
</Content>