<?xml version="1.0"?>
<Content xmlns:xsi="http://www.w3.org/2001/XMLSchema-instance" xmlns:xsd="http://www.w3.org/2001/XMLSchema">
  <Object id="DVelop.DVImageZoom">
    <Group>
      <Name>General</Name>
      <Type>Main</Type>
      <Childs>
        <Prop>
          <Id>ImageInternalName</Id>
          <Name>ImageInternalName</Name>
          <Type>Text</Type>
          <Default></Default>
          <Metadata>
            <Value name="FlagScope">Runtime</Value>
          </Metadata>
        </Prop>
        <Prop>
          <Id>LargeImage</Id>
          <Name>LargeImage</Name>
          <Type>Text</Type>
          <Default></Default>
          <Metadata />
        </Prop>
      </Childs>
    </Group>
  </Object>
</Content>