<?xml version="1.0"?>
<Content xmlns:xsi="http://www.w3.org/2001/XMLSchema-instance" xmlns:xsd="http://www.w3.org/2001/XMLSchema">
  <Object id="DVelop.Bootstrap.TabsPanel">
    <Group>
      <Name>General</Name>
      <Type>Main</Type>
      <Childs>
        <Prop>
          <Id>Width</Id>
          <Name>Width</Name>
          <Type>Text</Type>
          <Default>100</Default>
        </Prop>
        <Prop>
          <Id>Height</Id>
          <Name>Height</Name>
          <Type>Text</Type>
          <Default>100</Default>
          <Metadata />
        </Prop>
        <Prop>
          <Id>AutoWidth</Id>
          <Name>AutoWidth</Name>
          <Type>Boolean</Type>
          <Default>False</Default>
          <Metadata />
        </Prop>
        <Prop>
          <Id>AutoHeight</Id>
          <Name>AutoHeight</Name>
          <Type>Boolean</Type>
          <Default>False</Default>
          <Metadata />
        </Prop>
        <Prop>
          <Id>AutoScroll</Id>
          <Name>AutoScroll</Name>
          <Type>Boolean</Type>
          <Default>True</Default>
          <Metadata />
        </Prop>
        <Prop>
          <Id>Cls</Id>
          <Name>Cls</Name>
          <Type>Text</Type>
          <Metadata />
        </Prop>
        <Prop>
          <Id>ActiveTabId</Id>
          <Name>ActiveTabId</Name>
          <Type>Text</Type>
          <Metadata>
            <Value name="FlagScope">Runtime</Value>
          </Metadata>
        </Prop>
        <Prop>
          <Id>ExcessiveTabsBehavior</Id>
          <Name>ExcessiveTabsBehavior</Name>
          <Type>Combo</Type>
          <Default>Rows</Default>
          <Metadata>
            <Value name="FlagScope">DesignTime</Value>
          </Metadata>
          <Values>
            <Value id="Rows" desc="Rows" />
            <Value id="Slider" desc="Slider" />
          </Values>
        </Prop>
        <Prop>
          <Id>IncludeOptionsMenu</Id>
          <Name>IncludeOptionsMenu</Name>
          <Type>Boolean</Type>
          <Default>True</Default>
          <Metadata>
            <Value name="FlagScope">DesignTime</Value>
          </Metadata>
        </Prop>
        <Group>
          <Name>Tabs</Name>
          <Childs>
            <Prop>
              <Id>DesignTimeTabs</Id>
              <Name>DesignTimeTabs</Name>
              <Type>Text</Type>
              <Metadata>
                <Value name="FlagScope">DesignTime</Value>
              </Metadata>
            </Prop>
            <Prop>
              <Id>SelectedTabIndex</Id>
              <Name>SelectedTabIndex</Name>
              <Type>Integer</Type>
              <Default>0</Default>
              <Metadata />
            </Prop>
          </Childs>
        </Group>
        <Group>
          <Name>Labels</Name>
          <Childs>
            <Prop>
              <Id>CloseAllTabs</Id>
              <Name>CloseAllTabs</Name>
              <Type>Text</Type>
              <Default>WWP_CloseAllTabs</Default>
              <Metadata>
                <Value name="FlagScope">DesignTime</Value>
              </Metadata>
            </Prop>
            <Prop>
              <Id>CloseOtherTabs</Id>
              <Name>CloseOtherTabs</Name>
              <Type>Text</Type>
              <Default>WWP_CloseOtherTabs</Default>
              <Metadata>
                <Value name="FlagScope">DesignTime</Value>
              </Metadata>
            </Prop>
          </Childs>
        </Group>
      </Childs>
    </Group>
  </Object>
</Content>