<?xml version="1.0"?>
<Content xmlns:xsi="http://www.w3.org/2001/XMLSchema-instance" xmlns:xsd="http://www.w3.org/2001/XMLSchema">
  <Object id="DVelop.ConfirmPanel">
    <Group>
      <Name>General</Name>
      <Type>Main</Type>
      <Childs>
        <Prop>
          <Id>Width</Id>
          <Name>Width</Name>
          <Type>Text</Type>
          <Default>300</Default>
          <Metadata />
        </Prop>
        <Prop>
          <Id>Height</Id>
          <Name>Height</Name>
          <Type>Text</Type>
          <Default>50</Default>
          <Metadata />
        </Prop>
        <Prop>
          <Id>Closeable</Id>
          <Name>Closeable</Name>
          <Type>Boolean</Type>
          <Default>false</Default>
          <Metadata />
        </Prop>
        <Prop>
          <Id>Title</Id>
          <Name>Title</Name>
          <Type>Text</Type>
          <Default>Panel title</Default>
          <Metadata />
        </Prop>
        <Prop>
          <Id>ConfirmText</Id>
          <Name>ConfirmText</Name>
          <Type>Text</Type>
          <Default>Do you want to continue?</Default>
          <Metadata />
        </Prop>
        <Prop>
          <Id>Icon</Id>
          <Name>Icon</Name>
          <Type>Combo</Type>
          <Default>0</Default>
          <Metadata />
          <Values>
            <Value id="0" desc="HELP" />
            <Value id="1" desc="BLOCK" />
            <Value id="2" desc="WARN" />
            <Value id="3" desc="INFO" />
            <Value id="4" desc="ALARM" />
            <Value id="5" desc="TIP" />
          </Values>
        </Prop>
        <Prop>
          <Id>Modal</Id>
          <Name>Modal</Name>
          <Type>Boolean</Type>
          <Default>true</Default>
          <Metadata />
        </Prop>
        <Prop>
          <Id>Result</Id>
          <Name>Result</Name>
          <Type>Combo</Type>
          <Default>No</Default>
          <Metadata>
            <Value name="FlagScope">Runtime</Value>
          </Metadata>
          <Values>
            <Value id="Yes" desc="Yes" />
            <Value id="No" desc="No" />
            <Value id="Ok" desc="Ok" />
            <Value id="Cancel" desc="Cancel" />
            <Value id="Abort" desc="Abort" />
            <Value id="Retry" desc="Retry" />
            <Value id="Ignore" desc="Ignore" />
          </Values>
        </Prop>
        <Prop>
          <Id>ButtonYesText</Id>
          <Name>ButtonYesText</Name>
          <Type>Text</Type>
          <Default>Yes</Default>
          <Metadata />
          <Values>
            <Value id="0" desc="Yes" />
            <Value id="1" desc="YesNo" />
            <Value id="2" desc="YesNoCancel" />
          </Values>
        </Prop>
        <Prop>
          <Id>ButtonNoText</Id>
          <Name>ButtonNoText</Name>
          <Type>Text</Type>
          <Default>No</Default>
          <Metadata />
        </Prop>
        <Prop>
          <Id>ButtonCancelText</Id>
          <Name>ButtonCancelText</Name>
          <Type>Text</Type>
          <Default>Cancel</Default>
          <Metadata />
        </Prop>
        <Prop>
          <Id>ConfirmType</Id>
          <Name>ConfirmType</Name>
          <Type>Combo</Type>
          <Default>1</Default>
          <Metadata />
          <Values>
            <Value id="0" desc="Yes" />
            <Value id="1" desc="YesNo" />
            <Value id="2" desc="YesNoCancel" />
          </Values>
        </Prop>
        <Prop>
          <Id>Draggeable</Id>
          <Name>Draggable</Name>
          <Type>Boolean</Type>
          <Default>true</Default>
          <Metadata />
        </Prop>
      </Childs>
    </Group>
  </Object>
</Content>