<?xml version="1.0"?>
<Content xmlns:xsi="http://www.w3.org/2001/XMLSchema-instance" xmlns:xsd="http://www.w3.org/2001/XMLSchema">
  <Object id="DVelop.WWPPopover">
    <Group>
      <Name>General</Name>
      <Type>Main</Type>
      <Childs>
        <Prop>
          <Id>GridInternalName</Id>
          <Name>GridInternalName</Name>
          <Type>Text</Type>
          <Default></Default>
          <Metadata>
            <Value name="FlagScope">Runtime</Value>
          </Metadata>
        </Prop>
        <Prop>
          <Id>ItemInternalName</Id>
          <Name>ItemInternalName</Name>
          <Type>Text</Type>
          <Metadata />
        </Prop>
        <Prop>
          <Id>IsGridItem</Id>
          <Name>IsGridItem</Name>
          <Type>Boolean</Type>
          <Default>False</Default>
          <Metadata>
            <Value name="FlagScope">DesignTime</Value>
          </Metadata>
        </Prop>
        <Prop>
          <Id>Trigger</Id>
          <Name>Trigger</Name>
          <Type>Combo</Type>
          <Default>Hover</Default>
          <Metadata />
          <Values>
            <Value id="Hover" desc="Hover" />
            <Value id="Click" desc="Click" />
          </Values>
        </Prop>
        <Prop>
          <Id>TriggerElement</Id>
          <Name>TriggerElement</Name>
          <Type>Combo</Type>
          <Default>FontIcon</Default>
          <Metadata />
          <Values>
            <Value id="Value" desc="Value" />
            <Value id="FontIcon" desc="FontIcon" />
          </Values>
        </Prop>
        <Prop>
          <Id>Cls</Id>
          <Name>Cls</Name>
          <Type>Text</Type>
          <Metadata />
        </Prop>
        <Prop>
          <Id>PopoverWidth</Id>
          <Name>PopoverWidth</Name>
          <Type>Integer</Type>
          <Default>200</Default>
          <Metadata />
        </Prop>
        <Prop>
          <Id>HTML</Id>
          <Name>HTML</Name>
          <Type>Text</Type>
          <Metadata />
        </Prop>
        <Prop>
          <Id>Position</Id>
          <Name>Position</Name>
          <Type>Combo</Type>
          <Default>Right</Default>
          <Metadata />
          <Values>
            <Value id="Top" desc="Top" />
            <Value id="Bottom" desc="Bottom" />
            <Value id="Left" desc="Left" />
            <Value id="Right" desc="Right" />
          </Values>
        </Prop>
        <Prop>
          <Id>Load</Id>
          <Name>Load</Name>
          <Type>Combo</Type>
          <Default>OnEveryTrigger</Default>
          <Metadata />
          <Values>
            <Value id="OnWebPanelLoad" desc="OnWebPanelLoad" />
            <Value id="OnFirstTrigger" desc="OnFirstTrigger" />
            <Value id="OnEveryTrigger" desc="OnEveryTrigger" />
          </Values>
        </Prop>
        <Prop>
          <Id>ShowLoading</Id>
          <Name>ShowLoading</Name>
          <Type>Boolean</Type>
          <Default>True</Default>
          <Metadata />
        </Prop>
        <Prop>
          <Id>KeepOpened</Id>
          <Name>KeepOpened</Name>
          <Type>Boolean</Type>
          <Default>True</Default>
          <Metadata />
        </Prop>
        <Prop>
          <Id>ReloadOnKeyChange</Id>
          <Name>ReloadOnKeyChange</Name>
          <Type>Boolean</Type>
          <Default>False</Default>
          <Metadata />
        </Prop>
        <Prop>
          <Id>MinimumCharacters</Id>
          <Name>MinimumCharacters</Name>
          <Type>Integer</Type>
          <Default>1</Default>
          <Metadata />
        </Prop>
        <Prop>
          <Id>OpenIfEmpty</Id>
          <Name>OpenIfEmpty</Name>
          <Type>Boolean</Type>
          <Default>True</Default>
          <Metadata />
        </Prop>
      </Childs>
    </Group>
  </Object>
</Content>