<?xml version="1.0"?>
<Content xmlns:xsi="http://www.w3.org/2001/XMLSchema-instance" xmlns:xsd="http://www.w3.org/2001/XMLSchema">
  <Object id="DVelop.WorkWithPlusUtilities">
    <Group>
      <Name>General</Name>
      <Type>Main</Type>
      <Childs>
        <Prop>
          <Id>EnableAutoUpdateFromDocumentTitle</Id>
          <Name>EnableAutoUpdateFromDocumentTitle</Name>
          <Type>Boolean</Type>
          <Default>False</Default>
          <Metadata>
            <Value name="FlagScope">DesignTime</Value>
          </Metadata>
        </Prop>
        <Prop>
          <Id>EnableFixObjectFitCover</Id>
          <Name>EnableFixObjectFitCover</Name>
          <Type>Boolean</Type>
          <Default>False</Default>
          <Metadata>
            <Value name="FlagScope">DesignTime</Value>
          </Metadata>
        </Prop>
        <Prop>
          <Id>EnableFloatingLabels</Id>
          <Name>EnableFloatingLabels</Name>
          <Type>Boolean</Type>
          <Default>False</Default>
          <Metadata>
            <Value name="FlagScope">DesignTime</Value>
          </Metadata>
        </Prop>
        <Prop>
          <Id>EmpowerTabs</Id>
          <Name>EmpowerTabs</Name>
          <Type>Boolean</Type>
          <Default>False</Default>
          <Metadata>
            <Value name="FlagScope">DesignTime</Value>
          </Metadata>
        </Prop>
        <Prop>
          <Id>EnableUpdateRowSelectionStatus</Id>
          <Name>EnableUpdateRowSelectionStatus</Name>
          <Type>Boolean</Type>
          <Default>False</Default>
          <Metadata>
            <Value name="FlagScope">DesignTime</Value>
          </Metadata>
        </Prop>
        <Prop>
          <Id>CurrentTab_ReturnUrl</Id>
          <Name>CurrentTab_ReturnUrl</Name>
          <Type>Text</Type>
          <Default></Default>
          <Metadata>
            <Value name="FlagReadonly">True</Value>
            <Value name="FlagScope">Runtime</Value>
          </Metadata>
        </Prop>
        <Group>
          <Name>Grid Settings Default Values</Name>
          <Childs>
            <Prop>
              <Id>EnableConvertComboToBootstrapSelect</Id>
              <Name>EnableConvertComboToBootstrapSelect</Name>
              <Type>Boolean</Type>
              <Default>False</Default>
              <Metadata>
                <Value name="FlagScope">DesignTime</Value>
              </Metadata>
            </Prop>
            <Prop>
              <Id>AllowColumnResizing</Id>
              <Name>AllowColumnResizing</Name>
              <Type>Boolean</Type>
              <Default>False</Default>
              <Metadata>
                <Value name="FlagScope">DesignTime</Value>
              </Metadata>
            </Prop>
            <Prop>
              <Id>AllowColumnReordering</Id>
              <Name>AllowColumnReordering</Name>
              <Type>Boolean</Type>
              <Default>False</Default>
              <Metadata>
                <Value name="FlagScope">DesignTime</Value>
              </Metadata>
            </Prop>
            <Prop>
              <Id>AllowColumnDragging</Id>
              <Name>AllowColumnDragging</Name>
              <Type>Boolean</Type>
              <Default>False</Default>
              <Metadata>
                <Value name="FlagScope">DesignTime</Value>
              </Metadata>
            </Prop>
            <Prop>
              <Id>AllowColumnsRestore</Id>
              <Name>AllowColumnsRestore</Name>
              <Type>Boolean</Type>
              <Default>False</Default>
              <Metadata>
                <Value name="FlagScope">DesignTime</Value>
              </Metadata>
            </Prop>
            <Prop>
              <Id>RestoreColumnsIconClass</Id>
              <Name>RestoreColumnsIconClass</Name>
              <Type>Text</Type>
              <Default>fas fa-undo</Default>
              <Metadata>
                <Value name="FlagScope">DesignTime</Value>
              </Metadata>
            </Prop>
          </Childs>
        </Group>
        <Group>
          <Name>Pagination bar</Name>
          <Childs>
            <Prop>
              <Id>PagBarIncludeGoTo</Id>
              <Name>PagBarIncludeGoTo</Name>
              <Type>Boolean</Type>
              <Default>False</Default>
              <Metadata>
                <Value name="FlagScope">DesignTime</Value>
              </Metadata>
            </Prop>
          </Childs>
        </Group>
        <Group>
          <Name>Labels</Name>
          <Childs>
            <Group>
              <Name>Columns Selector</Name>
              <Childs>
                <Prop>
                  <Id>UpdateButtonText</Id>
                  <Name>UpdateButtonText</Name>
                  <Type>Text</Type>
                  <Default>WWP_ColumnsSelectorButton</Default>
                  <Metadata>
                    <Value name="FlagScope">DesignTime</Value>
                  </Metadata>
                </Prop>
              </Childs>
            </Group>
            <Group>
              <Name>DVelop Combo</Name>
              <Childs>
                <Prop>
                  <Id>AddNewOption</Id>
                  <Name>AddNewOption</Name>
                  <Type>Text</Type>
                  <Default>WWP_AddNewOption</Default>
                  <Metadata>
                    <Value name="FlagScope">DesignTime</Value>
                  </Metadata>
                </Prop>
                <Prop>
                  <Id>OnlySelectedValues</Id>
                  <Name>OnlySelectedValues</Name>
                  <Type>Text</Type>
                  <Default>WWP_OnlySelectedValues</Default>
                  <Metadata>
                    <Value name="FlagScope">DesignTime</Value>
                  </Metadata>
                </Prop>
                <Prop>
                  <Id>MultipleValuesSeparator</Id>
                  <Name>MultipleValuesSeparator</Name>
                  <Type>Text</Type>
                  <Default>, </Default>
                  <Metadata>
                    <Value name="FlagScope">DesignTime</Value>
                  </Metadata>
                </Prop>
                <Prop>
                  <Id>SelectAll</Id>
                  <Name>SelectAll</Name>
                  <Type>Text</Type>
                  <Default>WWP_SelectAll</Default>
                  <Metadata>
                    <Value name="FlagScope">DesignTime</Value>
                  </Metadata>
                </Prop>
              </Childs>
            </Group>
            <Group>
              <Name>Grid Title Settings</Name>
              <Childs>
                <Prop>
                  <Id>SortASC</Id>
                  <Name>SortASC</Name>
                  <Type>Text</Type>
                  <Default>WWP_TSSortASC</Default>
                  <Metadata>
                    <Value name="FlagScope">DesignTime</Value>
                  </Metadata>
                </Prop>
                <Prop>
                  <Id>SortDSC</Id>
                  <Name>SortDSC</Name>
                  <Type>Text</Type>
                  <Default>WWP_TSSortDSC</Default>
                  <Metadata>
                    <Value name="FlagScope">DesignTime</Value>
                  </Metadata>
                </Prop>
                <Prop>
                  <Id>AllowGroupText</Id>
                  <Name>AllowGroupText</Name>
                  <Type>Text</Type>
                  <Default>WWP_GroupByOption</Default>
                  <Metadata>
                    <Value name="FlagScope">DesignTime</Value>
                  </Metadata>
                </Prop>
                <Prop>
                  <Id>FixLeftText</Id>
                  <Name>FixLeftText</Name>
                  <Type>Text</Type>
                  <Default>WWP_TSFixLeft</Default>
                  <Metadata>
                    <Value name="FlagScope">DesignTime</Value>
                  </Metadata>
                </Prop>
                <Prop>
                  <Id>FixRightText</Id>
                  <Name>FixRightText</Name>
                  <Type>Text</Type>
                  <Default>WWP_TSFixRight</Default>
                  <Metadata>
                    <Value name="FlagScope">DesignTime</Value>
                  </Metadata>
                </Prop>
                <Prop>
                  <Id>LoadingData</Id>
                  <Name>LoadingData</Name>
                  <Type>Text</Type>
                  <Default>WWP_TSLoading</Default>
                  <Metadata>
                    <Value name="FlagScope">DesignTime</Value>
                  </Metadata>
                </Prop>
                <Prop>
                  <Id>CleanFilter</Id>
                  <Name>CleanFilter</Name>
                  <Type>Text</Type>
                  <Default>WWP_TSCleanFilter</Default>
                  <Metadata>
                    <Value name="FlagScope">DesignTime</Value>
                  </Metadata>
                </Prop>
                <Prop>
                  <Id>RangeFilterFrom</Id>
                  <Name>RangeFilterFrom</Name>
                  <Type>Text</Type>
                  <Default>WWP_TSFrom</Default>
                  <Metadata>
                    <Value name="FlagScope">DesignTime</Value>
                  </Metadata>
                </Prop>
                <Prop>
                  <Id>RangeFilterTo</Id>
                  <Name>RangeFilterTo</Name>
                  <Type>Text</Type>
                  <Default>WWP_TSTo</Default>
                  <Metadata>
                    <Value name="FlagScope">DesignTime</Value>
                  </Metadata>
                </Prop>
                <Prop>
                  <Id>RangePickerInviteMessage</Id>
                  <Name>RangePickerInviteMessage</Name>
                  <Type>Text</Type>
                  <Default>WWP_TSRangePickerInviteMessage</Default>
                  <Metadata>
                    <Value name="FlagScope">DesignTime</Value>
                  </Metadata>
                </Prop>
                <Prop>
                  <Id>NoResultsFound</Id>
                  <Name>NoResultsFound</Name>
                  <Type>Text</Type>
                  <Default>WWP_TSNoResults</Default>
                  <Metadata>
                    <Value name="FlagScope">DesignTime</Value>
                  </Metadata>
                </Prop>
                <Prop>
                  <Id>SearchButtonText</Id>
                  <Name>SearchButtonText</Name>
                  <Type>Text</Type>
                  <Default>WWP_TSSearchButtonCaption</Default>
                  <Metadata>
                    <Value name="FlagScope">DesignTime</Value>
                  </Metadata>
                </Prop>
                <Prop>
                  <Id>SearchMultipleValuesButtonText</Id>
                  <Name>SearchMultipleValuesButtonText</Name>
                  <Type>Text</Type>
                  <Default>WWP_FilterSelected</Default>
                  <Metadata>
                    <Value name="FlagScope">DesignTime</Value>
                  </Metadata>
                </Prop>
              </Childs>
            </Group>
            <Group>
              <Name>Columns Selector</Name>
              <Childs>
                <Prop>
                  <Id>ColumnSelectorFixedLeftCategory</Id>
                  <Name>ColumnSelectorFixedLeftCategory</Name>
                  <Type>Text</Type>
                  <Default>WWP_ColumnSelectorFixedLeftCategory</Default>
                  <Metadata>
                    <Value name="FlagScope">DesignTime</Value>
                  </Metadata>
                </Prop>
                <Prop>
                  <Id>ColumnSelectorFixedRightCategory</Id>
                  <Name>ColumnSelectorFixedRightCategory</Name>
                  <Type>Text</Type>
                  <Default>WWP_ColumnSelectorFixedRightCategory</Default>
                  <Metadata>
                    <Value name="FlagScope">DesignTime</Value>
                  </Metadata>
                </Prop>
                <Prop>
                  <Id>ColumnSelectorNotFixedCategory</Id>
                  <Name>ColumnSelectorNotFixedCategory</Name>
                  <Type>Text</Type>
                  <Default>WWP_ColumnSelectorNotFixedCategory</Default>
                  <Metadata>
                    <Value name="FlagScope">DesignTime</Value>
                  </Metadata>
                </Prop>
                <Prop>
                  <Id>ColumnSelectorFixedEmpty</Id>
                  <Name>ColumnSelectorFixedEmpty</Name>
                  <Type>Text</Type>
                  <Default>WWP_ColumnSelectorFixedEmpty</Default>
                  <Metadata>
                    <Value name="FlagScope">DesignTime</Value>
                  </Metadata>
                </Prop>
                <Prop>
                  <Id>ColumnSelectorRestoreTooltip</Id>
                  <Name>ColumnSelectorRestoreTooltip</Name>
                  <Type>Text</Type>
                  <Default>WWP_SelectColumns_RestoreDefault</Default>
                  <Metadata>
                    <Value name="FlagScope">DesignTime</Value>
                  </Metadata>
                </Prop>
              </Childs>
            </Group>
            <Group>
              <Name>Pagination bar</Name>
              <Childs>
                <Prop>
                  <Id>PagBarGoToCaption</Id>
                  <Name>PagBarGoToCaption</Name>
                  <Type>Text</Type>
                  <Default>WWP_PaginationBarGoToCaption</Default>
                  <Metadata>
                    <Value name="FlagScope">DesignTime</Value>
                  </Metadata>
                </Prop>
                <Prop>
                  <Id>PagBarGoToIconClass</Id>
                  <Name>PagBarGoToIconClass</Name>
                  <Type>Text</Type>
                  <Default>fas fa-redo</Default>
                  <Metadata>
                    <Value name="FlagScope">DesignTime</Value>
                  </Metadata>
                </Prop>
                <Prop>
                  <Id>PagBarGoToTooltip</Id>
                  <Name>PagBarGoToTooltip</Name>
                  <Type>Text</Type>
                  <Default>WWP_PaginationBarGoToTooltip</Default>
                  <Metadata>
                    <Value name="FlagScope">DesignTime</Value>
                  </Metadata>
                </Prop>
                <Prop>
                  <Id>PagBarEmptyFilteredGridCaption</Id>
                  <Name>PagBarEmptyFilteredGridCaption</Name>
                  <Type>Text</Type>
                  <Default>WWP_PaginationBarEmptyFilteredGridCaption</Default>
                  <Metadata>
                    <Value name="FlagScope">DesignTime</Value>
                  </Metadata>
                </Prop>
              </Childs>
            </Group>
          </Childs>
        </Group>
      </Childs>
    </Group>
  </Object>
</Content>